"input_stanza","input_key","input_value","input_setting_example","can_edit",enabled,"input_description","input_stanza_type","input_stanza_type_sub","recommended_value","setting_id","special_config_notes","target_group","win_vers_filt","_mkv_child"
"WinRegMon://hklm_run","disabled "," 1","[WinRegMon://hklm_run]#SEP#disabled = 1#SEP#hive = \\REGISTRY\\MACHINE\\SOFTWARE\\Microsoft\\Windows\\CurrentVersion\\Run\\.*#SEP#proc = .*#SEP#type = set|create|delete|rename",false,0,"WinRegMon - Registry Data ",WinRegMon,"hklm_run","1
hive = \\REGISTRY\\MACHINE\\SOFTWARE\\Microsoft\\Windows\\CurrentVersion\\Run\\.*
proc = .*
type = set|create|delete|rename","WinRegMon://hklm_run#disabled ","","AD/DNS or Base Windows","",0
"WinRegMon://hklm_run","hive "," \\REGISTRY\\MACHINE\\SOFTWARE\\Microsoft\\Windows\\CurrentVersion\\Run\\.*","[WinRegMon://hklm_run]#SEP#disabled = 1#SEP#hive = \\REGISTRY\\MACHINE\\SOFTWARE\\Microsoft\\Windows\\CurrentVersion\\Run\\.*#SEP#proc = .*#SEP#type = set|create|delete|rename",false,0,"WinRegMon - Registry Data ",WinRegMon,"hklm_run","1
hive = \\REGISTRY\\MACHINE\\SOFTWARE\\Microsoft\\Windows\\CurrentVersion\\Run\\.*
proc = .*
type = set|create|delete|rename","WinRegMon://hklm_run#hive ","","AD/DNS or Base Windows","",1
"WinRegMon://hklm_run","proc "," .*","[WinRegMon://hklm_run]#SEP#disabled = 1#SEP#hive = \\REGISTRY\\MACHINE\\SOFTWARE\\Microsoft\\Windows\\CurrentVersion\\Run\\.*#SEP#proc = .*#SEP#type = set|create|delete|rename",false,0,"WinRegMon - Registry Data ",WinRegMon,"hklm_run","1
hive = \\REGISTRY\\MACHINE\\SOFTWARE\\Microsoft\\Windows\\CurrentVersion\\Run\\.*
proc = .*
type = set|create|delete|rename","WinRegMon://hklm_run#proc ","","AD/DNS or Base Windows","",2
"WinRegMon://hklm_run","type "," set|create|delete|rename","[WinRegMon://hklm_run]#SEP#disabled = 1#SEP#hive = \\REGISTRY\\MACHINE\\SOFTWARE\\Microsoft\\Windows\\CurrentVersion\\Run\\.*#SEP#proc = .*#SEP#type = set|create|delete|rename",false,0,"WinRegMon - Registry Data ",WinRegMon,"hklm_run","1
hive = \\REGISTRY\\MACHINE\\SOFTWARE\\Microsoft\\Windows\\CurrentVersion\\Run\\.*
proc = .*
type = set|create|delete|rename","WinRegMon://hklm_run#type ","","AD/DNS or Base Windows","",3
"WinRegMon://hkcu_run","disabled "," 1","[WinRegMon://hkcu_run]#SEP#disabled = 1#SEP#hive = \\REGISTRY\\USER\\.*\\Software\\Microsoft\\Windows\\CurrentVersion\\Run\\.*#SEP#proc = .*#SEP#type = set|create|delete|rename",false,0,"WinRegMon - Registry Data ",WinRegMon,"hkcu_run","1
hive = \\REGISTRY\\USER\\.*\\Software\\Microsoft\\Windows\\CurrentVersion\\Run\\.*
proc = .*
type = set|create|delete|rename","WinRegMon://hkcu_run#disabled ","","AD/DNS or Base Windows","",0
"WinRegMon://hkcu_run","hive "," \\REGISTRY\\USER\\.*\\Software\\Microsoft\\Windows\\CurrentVersion\\Run\\.*","[WinRegMon://hkcu_run]#SEP#disabled = 1#SEP#hive = \\REGISTRY\\USER\\.*\\Software\\Microsoft\\Windows\\CurrentVersion\\Run\\.*#SEP#proc = .*#SEP#type = set|create|delete|rename",false,0,"WinRegMon - Registry Data ",WinRegMon,"hkcu_run","1
hive = \\REGISTRY\\USER\\.*\\Software\\Microsoft\\Windows\\CurrentVersion\\Run\\.*
proc = .*
type = set|create|delete|rename","WinRegMon://hkcu_run#hive ","","AD/DNS or Base Windows","",1
"WinRegMon://hkcu_run","proc "," .*","[WinRegMon://hkcu_run]#SEP#disabled = 1#SEP#hive = \\REGISTRY\\USER\\.*\\Software\\Microsoft\\Windows\\CurrentVersion\\Run\\.*#SEP#proc = .*#SEP#type = set|create|delete|rename",false,0,"WinRegMon - Registry Data ",WinRegMon,"hkcu_run","1
hive = \\REGISTRY\\USER\\.*\\Software\\Microsoft\\Windows\\CurrentVersion\\Run\\.*
proc = .*
type = set|create|delete|rename","WinRegMon://hkcu_run#proc ","","AD/DNS or Base Windows","",2
"WinRegMon://hkcu_run","type "," set|create|delete|rename","[WinRegMon://hkcu_run]#SEP#disabled = 1#SEP#hive = \\REGISTRY\\USER\\.*\\Software\\Microsoft\\Windows\\CurrentVersion\\Run\\.*#SEP#proc = .*#SEP#type = set|create|delete|rename",false,0,"WinRegMon - Registry Data ",WinRegMon,"hkcu_run","1
hive = \\REGISTRY\\USER\\.*\\Software\\Microsoft\\Windows\\CurrentVersion\\Run\\.*
proc = .*
type = set|create|delete|rename","WinRegMon://hkcu_run#type ","","AD/DNS or Base Windows","",3
"WinRegMon://default","disabled "," 1","[WinRegMon://default]#SEP#disabled = 1#SEP#hive = .*#SEP#proc = .*#SEP#type = rename|set|delete|create",false,0,"WinRegMon - Registry Data ",WinRegMon,default,"1
hive = .*
proc = .*
type = rename|set|delete|create","WinRegMon://default#disabled ","","AD/DNS or Base Windows","",0
"WinRegMon://default","hive "," .*","[WinRegMon://default]#SEP#disabled = 1#SEP#hive = .*#SEP#proc = .*#SEP#type = rename|set|delete|create",false,0,"WinRegMon - Registry Data ",WinRegMon,default,"1
hive = .*
proc = .*
type = rename|set|delete|create","WinRegMon://default#hive ","","AD/DNS or Base Windows","",1
"WinRegMon://default","proc "," .*","[WinRegMon://default]#SEP#disabled = 1#SEP#hive = .*#SEP#proc = .*#SEP#type = rename|set|delete|create",false,0,"WinRegMon - Registry Data ",WinRegMon,default,"1
hive = .*
proc = .*
type = rename|set|delete|create","WinRegMon://default#proc ","","AD/DNS or Base Windows","",2
"WinRegMon://default","type "," rename|set|delete|create","[WinRegMon://default]#SEP#disabled = 1#SEP#hive = .*#SEP#proc = .*#SEP#type = rename|set|delete|create",false,0,"WinRegMon - Registry Data ",WinRegMon,default,"1
hive = .*
proc = .*
type = rename|set|delete|create","WinRegMon://default#type ","","AD/DNS or Base Windows","",3
"admon://default","disabled "," 1","[admon://default]#SEP#disabled = 1#SEP#monitorSubtree = 1",false,0,"admon - ActiveDirectory Admon Data ",admon,default,"1
monitorSubtree = 1","admon://default#disabled ","","AD/DNS or Base Windows","",0
"admon://default","monitorSubtree "," 1","[admon://default]#SEP#disabled = 1#SEP#monitorSubtree = 1",false,0,"admon - ActiveDirectory Admon Data ",admon,default,"1
monitorSubtree = 1","admon://default#monitorSubtree ","","AD/DNS or Base Windows","",1
"perfmon://DNS","object "," DNS","[perfmon://DNS]#SEP#object = DNS#SEP#counters = Total Query Received; Total Query Received/sec; UDP Query Received; UDP Query Received/sec; TCP Query Received; TCP Query Received/sec; Total Response Sent; Total Response Sent/sec; UDP Response Sent; UDP Response Sent/sec; TCP Response Sent; TCP Response Sent/sec; Recursive Queries; Recursive Queries/sec; Recursive Send TimeOuts; Recursive TimeOut/sec; Recursive Query Failure; Recursive Query Failure/sec; Notify Sent; Zone Transfer Request Received; Zone Transfer Success; Zone Transfer Failure; AXFR Request Received; AXFR Success Sent; IXFR Request Received; IXFR Success Sent; Notify Received; Zone Transfer SOA Request Sent; AXFR Request Sent; AXFR Response Received; AXFR Success Received; IXFR Request Sent; IXFR Response Received; IXFR Success Received; IXFR UDP Success Received; IXFR TCP Success Received; WINS Lookup Received; WINS Lookup Received/sec; WINS Response Sent; WINS Response Sent/sec; WINS Reverse Lookup Received; WINS Reverse Lookup Received/sec; WINS Reverse Response Sent; WINS Reverse Response Sent/sec; Dynamic Update Received; Dynamic Update Received/sec; Dynamic Update NoOperation; Dynamic Update NoOperation/sec; Dynamic Update Written to Database; Dynamic Update Written to Database/sec; Dynamic Update Rejected; Dynamic Update TimeOuts; Dynamic Update Queued; Secure Update Received; Secure Update Received/sec; Secure Update Failure; Database Node Memory; Record Flow Memory; Caching Memory; UDP Message Memory; TCP Message Memory; Nbstat Memory; Unmatched Responses Received #SEP#interval = 10#SEP#disabled = 1#SEP#mode = multikv#SEP#useEnglishOnly=true",false,0,"perfmon - Performance Counters - Perfmon Inputs from TA-AD/TA-DNS ",perfmon,DNS,"DNS
counters = Total Query Received; Total Query Received/sec; UDP Query Received; UDP Query Received/sec; TCP Query Received; TCP Query Received/sec; Total Response Sent; Total Response Sent/sec; UDP Response Sent; UDP Response Sent/sec; TCP Response Sent; TCP Response Sent/sec; Recursive Queries; Recursive Queries/sec; Recursive Send TimeOuts; Recursive TimeOut/sec; Recursive Query Failure; Recursive Query Failure/sec; Notify Sent; Zone Transfer Request Received; Zone Transfer Success; Zone Transfer Failure; AXFR Request Received; AXFR Success Sent; IXFR Request Received; IXFR Success Sent; Notify Received; Zone Transfer SOA Request Sent; AXFR Request Sent; AXFR Response Received; AXFR Success Received; IXFR Request Sent; IXFR Response Received; IXFR Success Received; IXFR UDP Success Received; IXFR TCP Success Received; WINS Lookup Received; WINS Lookup Received/sec; WINS Response Sent; WINS Response Sent/sec; WINS Reverse Lookup Received; WINS Reverse Lookup Received/sec; WINS Reverse Response Sent; WINS Reverse Response Sent/sec; Dynamic Update Received; Dynamic Update Received/sec; Dynamic Update NoOperation; Dynamic Update NoOperation/sec; Dynamic Update Written to Database; Dynamic Update Written to Database/sec; Dynamic Update Rejected; Dynamic Update TimeOuts; Dynamic Update Queued; Secure Update Received; Secure Update Received/sec; Secure Update Failure; Database Node Memory; Record Flow Memory; Caching Memory; UDP Message Memory; TCP Message Memory; Nbstat Memory; Unmatched Responses Received 
interval = 10
disabled = 1
mode = multikv
useEnglishOnly=true","perfmon://DNS#object ","","AD/DNS or Base Windows","",0
"perfmon://DNS","counters "," Total Query Received; Total Query Received/sec; UDP Query Received; UDP Query Received/sec; TCP Query Received; TCP Query Received/sec; Total Response Sent; Total Response Sent/sec; UDP Response Sent; UDP Response Sent/sec; TCP Response Sent; TCP Response Sent/sec; Recursive Queries; Recursive Queries/sec; Recursive Send TimeOuts; Recursive TimeOut/sec; Recursive Query Failure; Recursive Query Failure/sec; Notify Sent; Zone Transfer Request Received; Zone Transfer Success; Zone Transfer Failure; AXFR Request Received; AXFR Success Sent; IXFR Request Received; IXFR Success Sent; Notify Received; Zone Transfer SOA Request Sent; AXFR Request Sent; AXFR Response Received; AXFR Success Received; IXFR Request Sent; IXFR Response Received; IXFR Success Received; IXFR UDP Success Received; IXFR TCP Success Received; WINS Lookup Received; WINS Lookup Received/sec; WINS Response Sent; WINS Response Sent/sec; WINS Reverse Lookup Received; WINS Reverse Lookup Received/sec; WINS Reverse Response Sent; WINS Reverse Response Sent/sec; Dynamic Update Received; Dynamic Update Received/sec; Dynamic Update NoOperation; Dynamic Update NoOperation/sec; Dynamic Update Written to Database; Dynamic Update Written to Database/sec; Dynamic Update Rejected; Dynamic Update TimeOuts; Dynamic Update Queued; Secure Update Received; Secure Update Received/sec; Secure Update Failure; Database Node Memory; Record Flow Memory; Caching Memory; UDP Message Memory; TCP Message Memory; Nbstat Memory; Unmatched Responses Received ","[perfmon://DNS]#SEP#object = DNS#SEP#counters = Total Query Received; Total Query Received/sec; UDP Query Received; UDP Query Received/sec; TCP Query Received; TCP Query Received/sec; Total Response Sent; Total Response Sent/sec; UDP Response Sent; UDP Response Sent/sec; TCP Response Sent; TCP Response Sent/sec; Recursive Queries; Recursive Queries/sec; Recursive Send TimeOuts; Recursive TimeOut/sec; Recursive Query Failure; Recursive Query Failure/sec; Notify Sent; Zone Transfer Request Received; Zone Transfer Success; Zone Transfer Failure; AXFR Request Received; AXFR Success Sent; IXFR Request Received; IXFR Success Sent; Notify Received; Zone Transfer SOA Request Sent; AXFR Request Sent; AXFR Response Received; AXFR Success Received; IXFR Request Sent; IXFR Response Received; IXFR Success Received; IXFR UDP Success Received; IXFR TCP Success Received; WINS Lookup Received; WINS Lookup Received/sec; WINS Response Sent; WINS Response Sent/sec; WINS Reverse Lookup Received; WINS Reverse Lookup Received/sec; WINS Reverse Response Sent; WINS Reverse Response Sent/sec; Dynamic Update Received; Dynamic Update Received/sec; Dynamic Update NoOperation; Dynamic Update NoOperation/sec; Dynamic Update Written to Database; Dynamic Update Written to Database/sec; Dynamic Update Rejected; Dynamic Update TimeOuts; Dynamic Update Queued; Secure Update Received; Secure Update Received/sec; Secure Update Failure; Database Node Memory; Record Flow Memory; Caching Memory; UDP Message Memory; TCP Message Memory; Nbstat Memory; Unmatched Responses Received #SEP#interval = 10#SEP#disabled = 1#SEP#mode = multikv#SEP#useEnglishOnly=true",false,0,"perfmon - Performance Counters - Perfmon Inputs from TA-AD/TA-DNS ",perfmon,DNS,"DNS
counters = Total Query Received; Total Query Received/sec; UDP Query Received; UDP Query Received/sec; TCP Query Received; TCP Query Received/sec; Total Response Sent; Total Response Sent/sec; UDP Response Sent; UDP Response Sent/sec; TCP Response Sent; TCP Response Sent/sec; Recursive Queries; Recursive Queries/sec; Recursive Send TimeOuts; Recursive TimeOut/sec; Recursive Query Failure; Recursive Query Failure/sec; Notify Sent; Zone Transfer Request Received; Zone Transfer Success; Zone Transfer Failure; AXFR Request Received; AXFR Success Sent; IXFR Request Received; IXFR Success Sent; Notify Received; Zone Transfer SOA Request Sent; AXFR Request Sent; AXFR Response Received; AXFR Success Received; IXFR Request Sent; IXFR Response Received; IXFR Success Received; IXFR UDP Success Received; IXFR TCP Success Received; WINS Lookup Received; WINS Lookup Received/sec; WINS Response Sent; WINS Response Sent/sec; WINS Reverse Lookup Received; WINS Reverse Lookup Received/sec; WINS Reverse Response Sent; WINS Reverse Response Sent/sec; Dynamic Update Received; Dynamic Update Received/sec; Dynamic Update NoOperation; Dynamic Update NoOperation/sec; Dynamic Update Written to Database; Dynamic Update Written to Database/sec; Dynamic Update Rejected; Dynamic Update TimeOuts; Dynamic Update Queued; Secure Update Received; Secure Update Received/sec; Secure Update Failure; Database Node Memory; Record Flow Memory; Caching Memory; UDP Message Memory; TCP Message Memory; Nbstat Memory; Unmatched Responses Received 
interval = 10
disabled = 1
mode = multikv
useEnglishOnly=true","perfmon://DNS#counters ","","AD/DNS or Base Windows","",1
"perfmon://DNS","interval "," 10","[perfmon://DNS]#SEP#object = DNS#SEP#counters = Total Query Received; Total Query Received/sec; UDP Query Received; UDP Query Received/sec; TCP Query Received; TCP Query Received/sec; Total Response Sent; Total Response Sent/sec; UDP Response Sent; UDP Response Sent/sec; TCP Response Sent; TCP Response Sent/sec; Recursive Queries; Recursive Queries/sec; Recursive Send TimeOuts; Recursive TimeOut/sec; Recursive Query Failure; Recursive Query Failure/sec; Notify Sent; Zone Transfer Request Received; Zone Transfer Success; Zone Transfer Failure; AXFR Request Received; AXFR Success Sent; IXFR Request Received; IXFR Success Sent; Notify Received; Zone Transfer SOA Request Sent; AXFR Request Sent; AXFR Response Received; AXFR Success Received; IXFR Request Sent; IXFR Response Received; IXFR Success Received; IXFR UDP Success Received; IXFR TCP Success Received; WINS Lookup Received; WINS Lookup Received/sec; WINS Response Sent; WINS Response Sent/sec; WINS Reverse Lookup Received; WINS Reverse Lookup Received/sec; WINS Reverse Response Sent; WINS Reverse Response Sent/sec; Dynamic Update Received; Dynamic Update Received/sec; Dynamic Update NoOperation; Dynamic Update NoOperation/sec; Dynamic Update Written to Database; Dynamic Update Written to Database/sec; Dynamic Update Rejected; Dynamic Update TimeOuts; Dynamic Update Queued; Secure Update Received; Secure Update Received/sec; Secure Update Failure; Database Node Memory; Record Flow Memory; Caching Memory; UDP Message Memory; TCP Message Memory; Nbstat Memory; Unmatched Responses Received #SEP#interval = 10#SEP#disabled = 1#SEP#mode = multikv#SEP#useEnglishOnly=true",false,0,"perfmon - Performance Counters - Perfmon Inputs from TA-AD/TA-DNS ",perfmon,DNS,"DNS
counters = Total Query Received; Total Query Received/sec; UDP Query Received; UDP Query Received/sec; TCP Query Received; TCP Query Received/sec; Total Response Sent; Total Response Sent/sec; UDP Response Sent; UDP Response Sent/sec; TCP Response Sent; TCP Response Sent/sec; Recursive Queries; Recursive Queries/sec; Recursive Send TimeOuts; Recursive TimeOut/sec; Recursive Query Failure; Recursive Query Failure/sec; Notify Sent; Zone Transfer Request Received; Zone Transfer Success; Zone Transfer Failure; AXFR Request Received; AXFR Success Sent; IXFR Request Received; IXFR Success Sent; Notify Received; Zone Transfer SOA Request Sent; AXFR Request Sent; AXFR Response Received; AXFR Success Received; IXFR Request Sent; IXFR Response Received; IXFR Success Received; IXFR UDP Success Received; IXFR TCP Success Received; WINS Lookup Received; WINS Lookup Received/sec; WINS Response Sent; WINS Response Sent/sec; WINS Reverse Lookup Received; WINS Reverse Lookup Received/sec; WINS Reverse Response Sent; WINS Reverse Response Sent/sec; Dynamic Update Received; Dynamic Update Received/sec; Dynamic Update NoOperation; Dynamic Update NoOperation/sec; Dynamic Update Written to Database; Dynamic Update Written to Database/sec; Dynamic Update Rejected; Dynamic Update TimeOuts; Dynamic Update Queued; Secure Update Received; Secure Update Received/sec; Secure Update Failure; Database Node Memory; Record Flow Memory; Caching Memory; UDP Message Memory; TCP Message Memory; Nbstat Memory; Unmatched Responses Received 
interval = 10
disabled = 1
mode = multikv
useEnglishOnly=true","perfmon://DNS#interval ","","AD/DNS or Base Windows","",2
"perfmon://DNS","disabled "," 1","[perfmon://DNS]#SEP#object = DNS#SEP#counters = Total Query Received; Total Query Received/sec; UDP Query Received; UDP Query Received/sec; TCP Query Received; TCP Query Received/sec; Total Response Sent; Total Response Sent/sec; UDP Response Sent; UDP Response Sent/sec; TCP Response Sent; TCP Response Sent/sec; Recursive Queries; Recursive Queries/sec; Recursive Send TimeOuts; Recursive TimeOut/sec; Recursive Query Failure; Recursive Query Failure/sec; Notify Sent; Zone Transfer Request Received; Zone Transfer Success; Zone Transfer Failure; AXFR Request Received; AXFR Success Sent; IXFR Request Received; IXFR Success Sent; Notify Received; Zone Transfer SOA Request Sent; AXFR Request Sent; AXFR Response Received; AXFR Success Received; IXFR Request Sent; IXFR Response Received; IXFR Success Received; IXFR UDP Success Received; IXFR TCP Success Received; WINS Lookup Received; WINS Lookup Received/sec; WINS Response Sent; WINS Response Sent/sec; WINS Reverse Lookup Received; WINS Reverse Lookup Received/sec; WINS Reverse Response Sent; WINS Reverse Response Sent/sec; Dynamic Update Received; Dynamic Update Received/sec; Dynamic Update NoOperation; Dynamic Update NoOperation/sec; Dynamic Update Written to Database; Dynamic Update Written to Database/sec; Dynamic Update Rejected; Dynamic Update TimeOuts; Dynamic Update Queued; Secure Update Received; Secure Update Received/sec; Secure Update Failure; Database Node Memory; Record Flow Memory; Caching Memory; UDP Message Memory; TCP Message Memory; Nbstat Memory; Unmatched Responses Received #SEP#interval = 10#SEP#disabled = 1#SEP#mode = multikv#SEP#useEnglishOnly=true",false,0,"perfmon - Performance Counters - Perfmon Inputs from TA-AD/TA-DNS ",perfmon,DNS,"DNS
counters = Total Query Received; Total Query Received/sec; UDP Query Received; UDP Query Received/sec; TCP Query Received; TCP Query Received/sec; Total Response Sent; Total Response Sent/sec; UDP Response Sent; UDP Response Sent/sec; TCP Response Sent; TCP Response Sent/sec; Recursive Queries; Recursive Queries/sec; Recursive Send TimeOuts; Recursive TimeOut/sec; Recursive Query Failure; Recursive Query Failure/sec; Notify Sent; Zone Transfer Request Received; Zone Transfer Success; Zone Transfer Failure; AXFR Request Received; AXFR Success Sent; IXFR Request Received; IXFR Success Sent; Notify Received; Zone Transfer SOA Request Sent; AXFR Request Sent; AXFR Response Received; AXFR Success Received; IXFR Request Sent; IXFR Response Received; IXFR Success Received; IXFR UDP Success Received; IXFR TCP Success Received; WINS Lookup Received; WINS Lookup Received/sec; WINS Response Sent; WINS Response Sent/sec; WINS Reverse Lookup Received; WINS Reverse Lookup Received/sec; WINS Reverse Response Sent; WINS Reverse Response Sent/sec; Dynamic Update Received; Dynamic Update Received/sec; Dynamic Update NoOperation; Dynamic Update NoOperation/sec; Dynamic Update Written to Database; Dynamic Update Written to Database/sec; Dynamic Update Rejected; Dynamic Update TimeOuts; Dynamic Update Queued; Secure Update Received; Secure Update Received/sec; Secure Update Failure; Database Node Memory; Record Flow Memory; Caching Memory; UDP Message Memory; TCP Message Memory; Nbstat Memory; Unmatched Responses Received 
interval = 10
disabled = 1
mode = multikv
useEnglishOnly=true","perfmon://DNS#disabled ","","AD/DNS or Base Windows","",3
"perfmon://DNS","mode "," multikv","[perfmon://DNS]#SEP#object = DNS#SEP#counters = Total Query Received; Total Query Received/sec; UDP Query Received; UDP Query Received/sec; TCP Query Received; TCP Query Received/sec; Total Response Sent; Total Response Sent/sec; UDP Response Sent; UDP Response Sent/sec; TCP Response Sent; TCP Response Sent/sec; Recursive Queries; Recursive Queries/sec; Recursive Send TimeOuts; Recursive TimeOut/sec; Recursive Query Failure; Recursive Query Failure/sec; Notify Sent; Zone Transfer Request Received; Zone Transfer Success; Zone Transfer Failure; AXFR Request Received; AXFR Success Sent; IXFR Request Received; IXFR Success Sent; Notify Received; Zone Transfer SOA Request Sent; AXFR Request Sent; AXFR Response Received; AXFR Success Received; IXFR Request Sent; IXFR Response Received; IXFR Success Received; IXFR UDP Success Received; IXFR TCP Success Received; WINS Lookup Received; WINS Lookup Received/sec; WINS Response Sent; WINS Response Sent/sec; WINS Reverse Lookup Received; WINS Reverse Lookup Received/sec; WINS Reverse Response Sent; WINS Reverse Response Sent/sec; Dynamic Update Received; Dynamic Update Received/sec; Dynamic Update NoOperation; Dynamic Update NoOperation/sec; Dynamic Update Written to Database; Dynamic Update Written to Database/sec; Dynamic Update Rejected; Dynamic Update TimeOuts; Dynamic Update Queued; Secure Update Received; Secure Update Received/sec; Secure Update Failure; Database Node Memory; Record Flow Memory; Caching Memory; UDP Message Memory; TCP Message Memory; Nbstat Memory; Unmatched Responses Received #SEP#interval = 10#SEP#disabled = 1#SEP#mode = multikv#SEP#useEnglishOnly=true",false,0,"perfmon - Performance Counters - Perfmon Inputs from TA-AD/TA-DNS ",perfmon,DNS,"DNS
counters = Total Query Received; Total Query Received/sec; UDP Query Received; UDP Query Received/sec; TCP Query Received; TCP Query Received/sec; Total Response Sent; Total Response Sent/sec; UDP Response Sent; UDP Response Sent/sec; TCP Response Sent; TCP Response Sent/sec; Recursive Queries; Recursive Queries/sec; Recursive Send TimeOuts; Recursive TimeOut/sec; Recursive Query Failure; Recursive Query Failure/sec; Notify Sent; Zone Transfer Request Received; Zone Transfer Success; Zone Transfer Failure; AXFR Request Received; AXFR Success Sent; IXFR Request Received; IXFR Success Sent; Notify Received; Zone Transfer SOA Request Sent; AXFR Request Sent; AXFR Response Received; AXFR Success Received; IXFR Request Sent; IXFR Response Received; IXFR Success Received; IXFR UDP Success Received; IXFR TCP Success Received; WINS Lookup Received; WINS Lookup Received/sec; WINS Response Sent; WINS Response Sent/sec; WINS Reverse Lookup Received; WINS Reverse Lookup Received/sec; WINS Reverse Response Sent; WINS Reverse Response Sent/sec; Dynamic Update Received; Dynamic Update Received/sec; Dynamic Update NoOperation; Dynamic Update NoOperation/sec; Dynamic Update Written to Database; Dynamic Update Written to Database/sec; Dynamic Update Rejected; Dynamic Update TimeOuts; Dynamic Update Queued; Secure Update Received; Secure Update Received/sec; Secure Update Failure; Database Node Memory; Record Flow Memory; Caching Memory; UDP Message Memory; TCP Message Memory; Nbstat Memory; Unmatched Responses Received 
interval = 10
disabled = 1
mode = multikv
useEnglishOnly=true","perfmon://DNS#mode ","","AD/DNS or Base Windows","",4
"perfmon://DNS",useEnglishOnly,true,"[perfmon://DNS]#SEP#object = DNS#SEP#counters = Total Query Received; Total Query Received/sec; UDP Query Received; UDP Query Received/sec; TCP Query Received; TCP Query Received/sec; Total Response Sent; Total Response Sent/sec; UDP Response Sent; UDP Response Sent/sec; TCP Response Sent; TCP Response Sent/sec; Recursive Queries; Recursive Queries/sec; Recursive Send TimeOuts; Recursive TimeOut/sec; Recursive Query Failure; Recursive Query Failure/sec; Notify Sent; Zone Transfer Request Received; Zone Transfer Success; Zone Transfer Failure; AXFR Request Received; AXFR Success Sent; IXFR Request Received; IXFR Success Sent; Notify Received; Zone Transfer SOA Request Sent; AXFR Request Sent; AXFR Response Received; AXFR Success Received; IXFR Request Sent; IXFR Response Received; IXFR Success Received; IXFR UDP Success Received; IXFR TCP Success Received; WINS Lookup Received; WINS Lookup Received/sec; WINS Response Sent; WINS Response Sent/sec; WINS Reverse Lookup Received; WINS Reverse Lookup Received/sec; WINS Reverse Response Sent; WINS Reverse Response Sent/sec; Dynamic Update Received; Dynamic Update Received/sec; Dynamic Update NoOperation; Dynamic Update NoOperation/sec; Dynamic Update Written to Database; Dynamic Update Written to Database/sec; Dynamic Update Rejected; Dynamic Update TimeOuts; Dynamic Update Queued; Secure Update Received; Secure Update Received/sec; Secure Update Failure; Database Node Memory; Record Flow Memory; Caching Memory; UDP Message Memory; TCP Message Memory; Nbstat Memory; Unmatched Responses Received #SEP#interval = 10#SEP#disabled = 1#SEP#mode = multikv#SEP#useEnglishOnly=true",false,0,"perfmon - Performance Counters - Perfmon Inputs from TA-AD/TA-DNS ",perfmon,DNS,"DNS
counters = Total Query Received; Total Query Received/sec; UDP Query Received; UDP Query Received/sec; TCP Query Received; TCP Query Received/sec; Total Response Sent; Total Response Sent/sec; UDP Response Sent; UDP Response Sent/sec; TCP Response Sent; TCP Response Sent/sec; Recursive Queries; Recursive Queries/sec; Recursive Send TimeOuts; Recursive TimeOut/sec; Recursive Query Failure; Recursive Query Failure/sec; Notify Sent; Zone Transfer Request Received; Zone Transfer Success; Zone Transfer Failure; AXFR Request Received; AXFR Success Sent; IXFR Request Received; IXFR Success Sent; Notify Received; Zone Transfer SOA Request Sent; AXFR Request Sent; AXFR Response Received; AXFR Success Received; IXFR Request Sent; IXFR Response Received; IXFR Success Received; IXFR UDP Success Received; IXFR TCP Success Received; WINS Lookup Received; WINS Lookup Received/sec; WINS Response Sent; WINS Response Sent/sec; WINS Reverse Lookup Received; WINS Reverse Lookup Received/sec; WINS Reverse Response Sent; WINS Reverse Response Sent/sec; Dynamic Update Received; Dynamic Update Received/sec; Dynamic Update NoOperation; Dynamic Update NoOperation/sec; Dynamic Update Written to Database; Dynamic Update Written to Database/sec; Dynamic Update Rejected; Dynamic Update TimeOuts; Dynamic Update Queued; Secure Update Received; Secure Update Received/sec; Secure Update Failure; Database Node Memory; Record Flow Memory; Caching Memory; UDP Message Memory; TCP Message Memory; Nbstat Memory; Unmatched Responses Received 
interval = 10
disabled = 1
mode = multikv
useEnglishOnly=true","perfmon://DNS#useEnglishOnly","","AD/DNS or Base Windows","",5
"perfmon://NTDS","object "," NTDS","[perfmon://NTDS]#SEP#object = NTDS#SEP#counters = DRA Inbound Properties Total/sec; AB Browses/sec; DRA Inbound Objects Applied/sec; DS Threads in Use; AB Client Sessions; DRA Pending Replication Synchronizations; DRA Inbound Object Updates Remaining in Packet; DS Security Descriptor sub-operations/sec; DS Security Descriptor Propagations Events; LDAP Client Sessions; LDAP Active Threads; LDAP Writes/sec; LDAP Searches/sec; DRA Outbound Objects/sec; DRA Outbound Properties/sec; DRA Inbound Values Total/sec; DRA Sync Requests Made; DRA Sync Requests Successful; DRA Sync Failures on Schema Mismatch; DRA Inbound Objects/sec; DRA Inbound Properties Applied/sec; DRA Inbound Properties Filtered/sec; DS Monitor List Size; DS Notify Queue Size; LDAP UDP operations/sec; DS Search sub-operations/sec; DS Name Cache hit rate; DRA Highest USN Issued (Low part); DRA Highest USN Issued (High part); DRA Highest USN Committed (Low part); DRA Highest USN Committed (High part); DS % Writes from SAM; DS % Writes from DRA; DS % Writes from LDAP; DS % Writes from LSA; DS % Writes from KCC; DS % Writes from NSPI; DS % Writes Other; DS Directory Writes/sec; DS % Searches from SAM; DS % Searches from DRA; DS % Searches from LDAP; DS % Searches from LSA; DS % Searches from KCC; DS % Searches from NSPI; DS % Searches Other; DS Directory Searches/sec; DS % Reads from SAM; DS % Reads from DRA; DRA Inbound Values (DNs only)/sec; DRA Inbound Objects Filtered/sec; DS % Reads from LSA; DS % Reads from KCC; DS % Reads from NSPI; DS % Reads Other; DS Directory Reads/sec; LDAP Successful Binds/sec; LDAP Bind Time; SAM Successful Computer Creations/sec: Includes all requests; SAM Machine Creation Attempts/sec; SAM Successful User Creations/sec; SAM User Creation Attempts/sec; SAM Password Changes/sec; SAM Membership Changes/sec; SAM Display Information Queries/sec; SAM Enumerations/sec; SAM Transitive Membership Evaluations/sec; SAM Non-Transitive Membership Evaluations/sec; SAM Domain Local Group Membership Evaluations/sec; SAM Universal Group Membership Evaluations/sec; SAM Global Group Membership Evaluations/sec; SAM GC Evaluations/sec; DRA Inbound Full Sync Objects Remaining; DRA Inbound Bytes Total/sec; DRA Inbound Bytes Not Compressed (Within Site)/sec; DRA Inbound Bytes Compressed (Between Sites, Before Compression)/sec; DRA Inbound Bytes Compressed (Between Sites, After Compression)/sec; DRA Outbound Bytes Total/sec; DRA Outbound Bytes Not Compressed (Within Site)/sec; DRA Outbound Bytes Compressed (Between Sites, Before Compression)/sec; DRA Outbound Bytes Compressed (Between Sites, After Compression)/sec; DS Client Binds/sec; DS Server Binds/sec; DS Client Name Translations/sec; DS Server Name Translations/sec; DS Security Descriptor Propagator Runtime Queue; DS Security Descriptor Propagator Average Exclusion Time; DRA Outbound Objects Filtered/sec; DRA Outbound Values Total/sec; DRA Outbound Values (DNs only)/sec; AB ANR/sec; AB Property Reads/sec; AB Searches/sec; AB Matches/sec; AB Proxy Lookups/sec; ATQ Threads Total; ATQ Threads LDAP; ATQ Threads Other; DRA Inbound Bytes Total Since Boot; DRA Inbound Bytes Not Compressed (Within Site) Since Boot; DRA Inbound Bytes Compressed (Between Sites, Before Compression) Since Boot; DRA Inbound Bytes Compressed (Between Sites, After Compression) Since Boot; DRA Outbound Bytes Total Since Boot; DRA Outbound Bytes Not Compressed (Within Site) Since Boot; DRA Outbound Bytes Compressed (Between Sites, Before Compression) Since Boot; DRA Outbound Bytes Compressed (Between Sites, After Compression) Since Boot; LDAP New Connections/sec; LDAP Closed Connections/sec; LDAP New SSL Connections/sec; DRA Pending Replication Operations; DRA Threads Getting NC Changes; DRA Threads Getting NC Changes Holding Semaphore; DRA Inbound Link Value Updates Remaining in Packet; DRA Inbound Total Updates Remaining in Packet; DS % Writes from NTDSAPI; DS % Searches from NTDSAPI; DS % Reads from NTDSAPI; SAM Account Group Evaluation Latency; SAM Resource Group Evaluation Latency; ATQ Outstanding Queued Requests; ATQ Request Latency; ATQ Estimated Queue Delay; Tombstones Garbage Collected/sec; Phantoms Cleaned/sec; Link Values Cleaned/sec; Tombstones Visited/sec; Phantoms Visited/sec; NTLM Binds/sec; Negotiated Binds/sec; Digest Binds/sec; Simple Binds/sec; External Binds/sec; Fast Binds/sec; Base searches/sec; Subtree searches/sec; Onelevel searches/sec; Database adds/sec; Database modifys/sec; Database deletes/sec; Database recycles/sec; Approximate highest DNT; Transitive operations/sec; Transitive suboperations/sec; Transitive operations milliseconds run   #SEP#interval = 10#SEP#disabled = 1#SEP#mode = multikv#SEP#useEnglishOnly=true",false,0,"perfmon - Performance Counters - Perfmon Inputs from TA-AD/TA-DNS ",perfmon,NTDS,"NTDS
counters = DRA Inbound Properties Total/sec; AB Browses/sec; DRA Inbound Objects Applied/sec; DS Threads in Use; AB Client Sessions; DRA Pending Replication Synchronizations; DRA Inbound Object Updates Remaining in Packet; DS Security Descriptor sub-operations/sec; DS Security Descriptor Propagations Events; LDAP Client Sessions; LDAP Active Threads; LDAP Writes/sec; LDAP Searches/sec; DRA Outbound Objects/sec; DRA Outbound Properties/sec; DRA Inbound Values Total/sec; DRA Sync Requests Made; DRA Sync Requests Successful; DRA Sync Failures on Schema Mismatch; DRA Inbound Objects/sec; DRA Inbound Properties Applied/sec; DRA Inbound Properties Filtered/sec; DS Monitor List Size; DS Notify Queue Size; LDAP UDP operations/sec; DS Search sub-operations/sec; DS Name Cache hit rate; DRA Highest USN Issued (Low part); DRA Highest USN Issued (High part); DRA Highest USN Committed (Low part); DRA Highest USN Committed (High part); DS % Writes from SAM; DS % Writes from DRA; DS % Writes from LDAP; DS % Writes from LSA; DS % Writes from KCC; DS % Writes from NSPI; DS % Writes Other; DS Directory Writes/sec; DS % Searches from SAM; DS % Searches from DRA; DS % Searches from LDAP; DS % Searches from LSA; DS % Searches from KCC; DS % Searches from NSPI; DS % Searches Other; DS Directory Searches/sec; DS % Reads from SAM; DS % Reads from DRA; DRA Inbound Values (DNs only)/sec; DRA Inbound Objects Filtered/sec; DS % Reads from LSA; DS % Reads from KCC; DS % Reads from NSPI; DS % Reads Other; DS Directory Reads/sec; LDAP Successful Binds/sec; LDAP Bind Time; SAM Successful Computer Creations/sec: Includes all requests; SAM Machine Creation Attempts/sec; SAM Successful User Creations/sec; SAM User Creation Attempts/sec; SAM Password Changes/sec; SAM Membership Changes/sec; SAM Display Information Queries/sec; SAM Enumerations/sec; SAM Transitive Membership Evaluations/sec; SAM Non-Transitive Membership Evaluations/sec; SAM Domain Local Group Membership Evaluations/sec; SAM Universal Group Membership Evaluations/sec; SAM Global Group Membership Evaluations/sec; SAM GC Evaluations/sec; DRA Inbound Full Sync Objects Remaining; DRA Inbound Bytes Total/sec; DRA Inbound Bytes Not Compressed (Within Site)/sec; DRA Inbound Bytes Compressed (Between Sites, Before Compression)/sec; DRA Inbound Bytes Compressed (Between Sites, After Compression)/sec; DRA Outbound Bytes Total/sec; DRA Outbound Bytes Not Compressed (Within Site)/sec; DRA Outbound Bytes Compressed (Between Sites, Before Compression)/sec; DRA Outbound Bytes Compressed (Between Sites, After Compression)/sec; DS Client Binds/sec; DS Server Binds/sec; DS Client Name Translations/sec; DS Server Name Translations/sec; DS Security Descriptor Propagator Runtime Queue; DS Security Descriptor Propagator Average Exclusion Time; DRA Outbound Objects Filtered/sec; DRA Outbound Values Total/sec; DRA Outbound Values (DNs only)/sec; AB ANR/sec; AB Property Reads/sec; AB Searches/sec; AB Matches/sec; AB Proxy Lookups/sec; ATQ Threads Total; ATQ Threads LDAP; ATQ Threads Other; DRA Inbound Bytes Total Since Boot; DRA Inbound Bytes Not Compressed (Within Site) Since Boot; DRA Inbound Bytes Compressed (Between Sites, Before Compression) Since Boot; DRA Inbound Bytes Compressed (Between Sites, After Compression) Since Boot; DRA Outbound Bytes Total Since Boot; DRA Outbound Bytes Not Compressed (Within Site) Since Boot; DRA Outbound Bytes Compressed (Between Sites, Before Compression) Since Boot; DRA Outbound Bytes Compressed (Between Sites, After Compression) Since Boot; LDAP New Connections/sec; LDAP Closed Connections/sec; LDAP New SSL Connections/sec; DRA Pending Replication Operations; DRA Threads Getting NC Changes; DRA Threads Getting NC Changes Holding Semaphore; DRA Inbound Link Value Updates Remaining in Packet; DRA Inbound Total Updates Remaining in Packet; DS % Writes from NTDSAPI; DS % Searches from NTDSAPI; DS % Reads from NTDSAPI; SAM Account Group Evaluation Latency; SAM Resource Group Evaluation Latency; ATQ Outstanding Queued Requests; ATQ Request Latency; ATQ Estimated Queue Delay; Tombstones Garbage Collected/sec; Phantoms Cleaned/sec; Link Values Cleaned/sec; Tombstones Visited/sec; Phantoms Visited/sec; NTLM Binds/sec; Negotiated Binds/sec; Digest Binds/sec; Simple Binds/sec; External Binds/sec; Fast Binds/sec; Base searches/sec; Subtree searches/sec; Onelevel searches/sec; Database adds/sec; Database modifys/sec; Database deletes/sec; Database recycles/sec; Approximate highest DNT; Transitive operations/sec; Transitive suboperations/sec; Transitive operations milliseconds run   
interval = 10
disabled = 1
mode = multikv
useEnglishOnly=true","perfmon://NTDS#object ","","AD/DNS or Base Windows","",0
"perfmon://NTDS","counters "," DRA Inbound Properties Total/sec; AB Browses/sec; DRA Inbound Objects Applied/sec; DS Threads in Use; AB Client Sessions; DRA Pending Replication Synchronizations; DRA Inbound Object Updates Remaining in Packet; DS Security Descriptor sub-operations/sec; DS Security Descriptor Propagations Events; LDAP Client Sessions; LDAP Active Threads; LDAP Writes/sec; LDAP Searches/sec; DRA Outbound Objects/sec; DRA Outbound Properties/sec; DRA Inbound Values Total/sec; DRA Sync Requests Made; DRA Sync Requests Successful; DRA Sync Failures on Schema Mismatch; DRA Inbound Objects/sec; DRA Inbound Properties Applied/sec; DRA Inbound Properties Filtered/sec; DS Monitor List Size; DS Notify Queue Size; LDAP UDP operations/sec; DS Search sub-operations/sec; DS Name Cache hit rate; DRA Highest USN Issued (Low part); DRA Highest USN Issued (High part); DRA Highest USN Committed (Low part); DRA Highest USN Committed (High part); DS % Writes from SAM; DS % Writes from DRA; DS % Writes from LDAP; DS % Writes from LSA; DS % Writes from KCC; DS % Writes from NSPI; DS % Writes Other; DS Directory Writes/sec; DS % Searches from SAM; DS % Searches from DRA; DS % Searches from LDAP; DS % Searches from LSA; DS % Searches from KCC; DS % Searches from NSPI; DS % Searches Other; DS Directory Searches/sec; DS % Reads from SAM; DS % Reads from DRA; DRA Inbound Values (DNs only)/sec; DRA Inbound Objects Filtered/sec; DS % Reads from LSA; DS % Reads from KCC; DS % Reads from NSPI; DS % Reads Other; DS Directory Reads/sec; LDAP Successful Binds/sec; LDAP Bind Time; SAM Successful Computer Creations/sec: Includes all requests; SAM Machine Creation Attempts/sec; SAM Successful User Creations/sec; SAM User Creation Attempts/sec; SAM Password Changes/sec; SAM Membership Changes/sec; SAM Display Information Queries/sec; SAM Enumerations/sec; SAM Transitive Membership Evaluations/sec; SAM Non-Transitive Membership Evaluations/sec; SAM Domain Local Group Membership Evaluations/sec; SAM Universal Group Membership Evaluations/sec; SAM Global Group Membership Evaluations/sec; SAM GC Evaluations/sec; DRA Inbound Full Sync Objects Remaining; DRA Inbound Bytes Total/sec; DRA Inbound Bytes Not Compressed (Within Site)/sec; DRA Inbound Bytes Compressed (Between Sites, Before Compression)/sec; DRA Inbound Bytes Compressed (Between Sites, After Compression)/sec; DRA Outbound Bytes Total/sec; DRA Outbound Bytes Not Compressed (Within Site)/sec; DRA Outbound Bytes Compressed (Between Sites, Before Compression)/sec; DRA Outbound Bytes Compressed (Between Sites, After Compression)/sec; DS Client Binds/sec; DS Server Binds/sec; DS Client Name Translations/sec; DS Server Name Translations/sec; DS Security Descriptor Propagator Runtime Queue; DS Security Descriptor Propagator Average Exclusion Time; DRA Outbound Objects Filtered/sec; DRA Outbound Values Total/sec; DRA Outbound Values (DNs only)/sec; AB ANR/sec; AB Property Reads/sec; AB Searches/sec; AB Matches/sec; AB Proxy Lookups/sec; ATQ Threads Total; ATQ Threads LDAP; ATQ Threads Other; DRA Inbound Bytes Total Since Boot; DRA Inbound Bytes Not Compressed (Within Site) Since Boot; DRA Inbound Bytes Compressed (Between Sites, Before Compression) Since Boot; DRA Inbound Bytes Compressed (Between Sites, After Compression) Since Boot; DRA Outbound Bytes Total Since Boot; DRA Outbound Bytes Not Compressed (Within Site) Since Boot; DRA Outbound Bytes Compressed (Between Sites, Before Compression) Since Boot; DRA Outbound Bytes Compressed (Between Sites, After Compression) Since Boot; LDAP New Connections/sec; LDAP Closed Connections/sec; LDAP New SSL Connections/sec; DRA Pending Replication Operations; DRA Threads Getting NC Changes; DRA Threads Getting NC Changes Holding Semaphore; DRA Inbound Link Value Updates Remaining in Packet; DRA Inbound Total Updates Remaining in Packet; DS % Writes from NTDSAPI; DS % Searches from NTDSAPI; DS % Reads from NTDSAPI; SAM Account Group Evaluation Latency; SAM Resource Group Evaluation Latency; ATQ Outstanding Queued Requests; ATQ Request Latency; ATQ Estimated Queue Delay; Tombstones Garbage Collected/sec; Phantoms Cleaned/sec; Link Values Cleaned/sec; Tombstones Visited/sec; Phantoms Visited/sec; NTLM Binds/sec; Negotiated Binds/sec; Digest Binds/sec; Simple Binds/sec; External Binds/sec; Fast Binds/sec; Base searches/sec; Subtree searches/sec; Onelevel searches/sec; Database adds/sec; Database modifys/sec; Database deletes/sec; Database recycles/sec; Approximate highest DNT; Transitive operations/sec; Transitive suboperations/sec; Transitive operations milliseconds run   ","[perfmon://NTDS]#SEP#object = NTDS#SEP#counters = DRA Inbound Properties Total/sec; AB Browses/sec; DRA Inbound Objects Applied/sec; DS Threads in Use; AB Client Sessions; DRA Pending Replication Synchronizations; DRA Inbound Object Updates Remaining in Packet; DS Security Descriptor sub-operations/sec; DS Security Descriptor Propagations Events; LDAP Client Sessions; LDAP Active Threads; LDAP Writes/sec; LDAP Searches/sec; DRA Outbound Objects/sec; DRA Outbound Properties/sec; DRA Inbound Values Total/sec; DRA Sync Requests Made; DRA Sync Requests Successful; DRA Sync Failures on Schema Mismatch; DRA Inbound Objects/sec; DRA Inbound Properties Applied/sec; DRA Inbound Properties Filtered/sec; DS Monitor List Size; DS Notify Queue Size; LDAP UDP operations/sec; DS Search sub-operations/sec; DS Name Cache hit rate; DRA Highest USN Issued (Low part); DRA Highest USN Issued (High part); DRA Highest USN Committed (Low part); DRA Highest USN Committed (High part); DS % Writes from SAM; DS % Writes from DRA; DS % Writes from LDAP; DS % Writes from LSA; DS % Writes from KCC; DS % Writes from NSPI; DS % Writes Other; DS Directory Writes/sec; DS % Searches from SAM; DS % Searches from DRA; DS % Searches from LDAP; DS % Searches from LSA; DS % Searches from KCC; DS % Searches from NSPI; DS % Searches Other; DS Directory Searches/sec; DS % Reads from SAM; DS % Reads from DRA; DRA Inbound Values (DNs only)/sec; DRA Inbound Objects Filtered/sec; DS % Reads from LSA; DS % Reads from KCC; DS % Reads from NSPI; DS % Reads Other; DS Directory Reads/sec; LDAP Successful Binds/sec; LDAP Bind Time; SAM Successful Computer Creations/sec: Includes all requests; SAM Machine Creation Attempts/sec; SAM Successful User Creations/sec; SAM User Creation Attempts/sec; SAM Password Changes/sec; SAM Membership Changes/sec; SAM Display Information Queries/sec; SAM Enumerations/sec; SAM Transitive Membership Evaluations/sec; SAM Non-Transitive Membership Evaluations/sec; SAM Domain Local Group Membership Evaluations/sec; SAM Universal Group Membership Evaluations/sec; SAM Global Group Membership Evaluations/sec; SAM GC Evaluations/sec; DRA Inbound Full Sync Objects Remaining; DRA Inbound Bytes Total/sec; DRA Inbound Bytes Not Compressed (Within Site)/sec; DRA Inbound Bytes Compressed (Between Sites, Before Compression)/sec; DRA Inbound Bytes Compressed (Between Sites, After Compression)/sec; DRA Outbound Bytes Total/sec; DRA Outbound Bytes Not Compressed (Within Site)/sec; DRA Outbound Bytes Compressed (Between Sites, Before Compression)/sec; DRA Outbound Bytes Compressed (Between Sites, After Compression)/sec; DS Client Binds/sec; DS Server Binds/sec; DS Client Name Translations/sec; DS Server Name Translations/sec; DS Security Descriptor Propagator Runtime Queue; DS Security Descriptor Propagator Average Exclusion Time; DRA Outbound Objects Filtered/sec; DRA Outbound Values Total/sec; DRA Outbound Values (DNs only)/sec; AB ANR/sec; AB Property Reads/sec; AB Searches/sec; AB Matches/sec; AB Proxy Lookups/sec; ATQ Threads Total; ATQ Threads LDAP; ATQ Threads Other; DRA Inbound Bytes Total Since Boot; DRA Inbound Bytes Not Compressed (Within Site) Since Boot; DRA Inbound Bytes Compressed (Between Sites, Before Compression) Since Boot; DRA Inbound Bytes Compressed (Between Sites, After Compression) Since Boot; DRA Outbound Bytes Total Since Boot; DRA Outbound Bytes Not Compressed (Within Site) Since Boot; DRA Outbound Bytes Compressed (Between Sites, Before Compression) Since Boot; DRA Outbound Bytes Compressed (Between Sites, After Compression) Since Boot; LDAP New Connections/sec; LDAP Closed Connections/sec; LDAP New SSL Connections/sec; DRA Pending Replication Operations; DRA Threads Getting NC Changes; DRA Threads Getting NC Changes Holding Semaphore; DRA Inbound Link Value Updates Remaining in Packet; DRA Inbound Total Updates Remaining in Packet; DS % Writes from NTDSAPI; DS % Searches from NTDSAPI; DS % Reads from NTDSAPI; SAM Account Group Evaluation Latency; SAM Resource Group Evaluation Latency; ATQ Outstanding Queued Requests; ATQ Request Latency; ATQ Estimated Queue Delay; Tombstones Garbage Collected/sec; Phantoms Cleaned/sec; Link Values Cleaned/sec; Tombstones Visited/sec; Phantoms Visited/sec; NTLM Binds/sec; Negotiated Binds/sec; Digest Binds/sec; Simple Binds/sec; External Binds/sec; Fast Binds/sec; Base searches/sec; Subtree searches/sec; Onelevel searches/sec; Database adds/sec; Database modifys/sec; Database deletes/sec; Database recycles/sec; Approximate highest DNT; Transitive operations/sec; Transitive suboperations/sec; Transitive operations milliseconds run   #SEP#interval = 10#SEP#disabled = 1#SEP#mode = multikv#SEP#useEnglishOnly=true",false,0,"perfmon - Performance Counters - Perfmon Inputs from TA-AD/TA-DNS ",perfmon,NTDS,"NTDS
counters = DRA Inbound Properties Total/sec; AB Browses/sec; DRA Inbound Objects Applied/sec; DS Threads in Use; AB Client Sessions; DRA Pending Replication Synchronizations; DRA Inbound Object Updates Remaining in Packet; DS Security Descriptor sub-operations/sec; DS Security Descriptor Propagations Events; LDAP Client Sessions; LDAP Active Threads; LDAP Writes/sec; LDAP Searches/sec; DRA Outbound Objects/sec; DRA Outbound Properties/sec; DRA Inbound Values Total/sec; DRA Sync Requests Made; DRA Sync Requests Successful; DRA Sync Failures on Schema Mismatch; DRA Inbound Objects/sec; DRA Inbound Properties Applied/sec; DRA Inbound Properties Filtered/sec; DS Monitor List Size; DS Notify Queue Size; LDAP UDP operations/sec; DS Search sub-operations/sec; DS Name Cache hit rate; DRA Highest USN Issued (Low part); DRA Highest USN Issued (High part); DRA Highest USN Committed (Low part); DRA Highest USN Committed (High part); DS % Writes from SAM; DS % Writes from DRA; DS % Writes from LDAP; DS % Writes from LSA; DS % Writes from KCC; DS % Writes from NSPI; DS % Writes Other; DS Directory Writes/sec; DS % Searches from SAM; DS % Searches from DRA; DS % Searches from LDAP; DS % Searches from LSA; DS % Searches from KCC; DS % Searches from NSPI; DS % Searches Other; DS Directory Searches/sec; DS % Reads from SAM; DS % Reads from DRA; DRA Inbound Values (DNs only)/sec; DRA Inbound Objects Filtered/sec; DS % Reads from LSA; DS % Reads from KCC; DS % Reads from NSPI; DS % Reads Other; DS Directory Reads/sec; LDAP Successful Binds/sec; LDAP Bind Time; SAM Successful Computer Creations/sec: Includes all requests; SAM Machine Creation Attempts/sec; SAM Successful User Creations/sec; SAM User Creation Attempts/sec; SAM Password Changes/sec; SAM Membership Changes/sec; SAM Display Information Queries/sec; SAM Enumerations/sec; SAM Transitive Membership Evaluations/sec; SAM Non-Transitive Membership Evaluations/sec; SAM Domain Local Group Membership Evaluations/sec; SAM Universal Group Membership Evaluations/sec; SAM Global Group Membership Evaluations/sec; SAM GC Evaluations/sec; DRA Inbound Full Sync Objects Remaining; DRA Inbound Bytes Total/sec; DRA Inbound Bytes Not Compressed (Within Site)/sec; DRA Inbound Bytes Compressed (Between Sites, Before Compression)/sec; DRA Inbound Bytes Compressed (Between Sites, After Compression)/sec; DRA Outbound Bytes Total/sec; DRA Outbound Bytes Not Compressed (Within Site)/sec; DRA Outbound Bytes Compressed (Between Sites, Before Compression)/sec; DRA Outbound Bytes Compressed (Between Sites, After Compression)/sec; DS Client Binds/sec; DS Server Binds/sec; DS Client Name Translations/sec; DS Server Name Translations/sec; DS Security Descriptor Propagator Runtime Queue; DS Security Descriptor Propagator Average Exclusion Time; DRA Outbound Objects Filtered/sec; DRA Outbound Values Total/sec; DRA Outbound Values (DNs only)/sec; AB ANR/sec; AB Property Reads/sec; AB Searches/sec; AB Matches/sec; AB Proxy Lookups/sec; ATQ Threads Total; ATQ Threads LDAP; ATQ Threads Other; DRA Inbound Bytes Total Since Boot; DRA Inbound Bytes Not Compressed (Within Site) Since Boot; DRA Inbound Bytes Compressed (Between Sites, Before Compression) Since Boot; DRA Inbound Bytes Compressed (Between Sites, After Compression) Since Boot; DRA Outbound Bytes Total Since Boot; DRA Outbound Bytes Not Compressed (Within Site) Since Boot; DRA Outbound Bytes Compressed (Between Sites, Before Compression) Since Boot; DRA Outbound Bytes Compressed (Between Sites, After Compression) Since Boot; LDAP New Connections/sec; LDAP Closed Connections/sec; LDAP New SSL Connections/sec; DRA Pending Replication Operations; DRA Threads Getting NC Changes; DRA Threads Getting NC Changes Holding Semaphore; DRA Inbound Link Value Updates Remaining in Packet; DRA Inbound Total Updates Remaining in Packet; DS % Writes from NTDSAPI; DS % Searches from NTDSAPI; DS % Reads from NTDSAPI; SAM Account Group Evaluation Latency; SAM Resource Group Evaluation Latency; ATQ Outstanding Queued Requests; ATQ Request Latency; ATQ Estimated Queue Delay; Tombstones Garbage Collected/sec; Phantoms Cleaned/sec; Link Values Cleaned/sec; Tombstones Visited/sec; Phantoms Visited/sec; NTLM Binds/sec; Negotiated Binds/sec; Digest Binds/sec; Simple Binds/sec; External Binds/sec; Fast Binds/sec; Base searches/sec; Subtree searches/sec; Onelevel searches/sec; Database adds/sec; Database modifys/sec; Database deletes/sec; Database recycles/sec; Approximate highest DNT; Transitive operations/sec; Transitive suboperations/sec; Transitive operations milliseconds run   
interval = 10
disabled = 1
mode = multikv
useEnglishOnly=true","perfmon://NTDS#counters ","","AD/DNS or Base Windows","",1
"perfmon://NTDS","interval "," 10","[perfmon://NTDS]#SEP#object = NTDS#SEP#counters = DRA Inbound Properties Total/sec; AB Browses/sec; DRA Inbound Objects Applied/sec; DS Threads in Use; AB Client Sessions; DRA Pending Replication Synchronizations; DRA Inbound Object Updates Remaining in Packet; DS Security Descriptor sub-operations/sec; DS Security Descriptor Propagations Events; LDAP Client Sessions; LDAP Active Threads; LDAP Writes/sec; LDAP Searches/sec; DRA Outbound Objects/sec; DRA Outbound Properties/sec; DRA Inbound Values Total/sec; DRA Sync Requests Made; DRA Sync Requests Successful; DRA Sync Failures on Schema Mismatch; DRA Inbound Objects/sec; DRA Inbound Properties Applied/sec; DRA Inbound Properties Filtered/sec; DS Monitor List Size; DS Notify Queue Size; LDAP UDP operations/sec; DS Search sub-operations/sec; DS Name Cache hit rate; DRA Highest USN Issued (Low part); DRA Highest USN Issued (High part); DRA Highest USN Committed (Low part); DRA Highest USN Committed (High part); DS % Writes from SAM; DS % Writes from DRA; DS % Writes from LDAP; DS % Writes from LSA; DS % Writes from KCC; DS % Writes from NSPI; DS % Writes Other; DS Directory Writes/sec; DS % Searches from SAM; DS % Searches from DRA; DS % Searches from LDAP; DS % Searches from LSA; DS % Searches from KCC; DS % Searches from NSPI; DS % Searches Other; DS Directory Searches/sec; DS % Reads from SAM; DS % Reads from DRA; DRA Inbound Values (DNs only)/sec; DRA Inbound Objects Filtered/sec; DS % Reads from LSA; DS % Reads from KCC; DS % Reads from NSPI; DS % Reads Other; DS Directory Reads/sec; LDAP Successful Binds/sec; LDAP Bind Time; SAM Successful Computer Creations/sec: Includes all requests; SAM Machine Creation Attempts/sec; SAM Successful User Creations/sec; SAM User Creation Attempts/sec; SAM Password Changes/sec; SAM Membership Changes/sec; SAM Display Information Queries/sec; SAM Enumerations/sec; SAM Transitive Membership Evaluations/sec; SAM Non-Transitive Membership Evaluations/sec; SAM Domain Local Group Membership Evaluations/sec; SAM Universal Group Membership Evaluations/sec; SAM Global Group Membership Evaluations/sec; SAM GC Evaluations/sec; DRA Inbound Full Sync Objects Remaining; DRA Inbound Bytes Total/sec; DRA Inbound Bytes Not Compressed (Within Site)/sec; DRA Inbound Bytes Compressed (Between Sites, Before Compression)/sec; DRA Inbound Bytes Compressed (Between Sites, After Compression)/sec; DRA Outbound Bytes Total/sec; DRA Outbound Bytes Not Compressed (Within Site)/sec; DRA Outbound Bytes Compressed (Between Sites, Before Compression)/sec; DRA Outbound Bytes Compressed (Between Sites, After Compression)/sec; DS Client Binds/sec; DS Server Binds/sec; DS Client Name Translations/sec; DS Server Name Translations/sec; DS Security Descriptor Propagator Runtime Queue; DS Security Descriptor Propagator Average Exclusion Time; DRA Outbound Objects Filtered/sec; DRA Outbound Values Total/sec; DRA Outbound Values (DNs only)/sec; AB ANR/sec; AB Property Reads/sec; AB Searches/sec; AB Matches/sec; AB Proxy Lookups/sec; ATQ Threads Total; ATQ Threads LDAP; ATQ Threads Other; DRA Inbound Bytes Total Since Boot; DRA Inbound Bytes Not Compressed (Within Site) Since Boot; DRA Inbound Bytes Compressed (Between Sites, Before Compression) Since Boot; DRA Inbound Bytes Compressed (Between Sites, After Compression) Since Boot; DRA Outbound Bytes Total Since Boot; DRA Outbound Bytes Not Compressed (Within Site) Since Boot; DRA Outbound Bytes Compressed (Between Sites, Before Compression) Since Boot; DRA Outbound Bytes Compressed (Between Sites, After Compression) Since Boot; LDAP New Connections/sec; LDAP Closed Connections/sec; LDAP New SSL Connections/sec; DRA Pending Replication Operations; DRA Threads Getting NC Changes; DRA Threads Getting NC Changes Holding Semaphore; DRA Inbound Link Value Updates Remaining in Packet; DRA Inbound Total Updates Remaining in Packet; DS % Writes from NTDSAPI; DS % Searches from NTDSAPI; DS % Reads from NTDSAPI; SAM Account Group Evaluation Latency; SAM Resource Group Evaluation Latency; ATQ Outstanding Queued Requests; ATQ Request Latency; ATQ Estimated Queue Delay; Tombstones Garbage Collected/sec; Phantoms Cleaned/sec; Link Values Cleaned/sec; Tombstones Visited/sec; Phantoms Visited/sec; NTLM Binds/sec; Negotiated Binds/sec; Digest Binds/sec; Simple Binds/sec; External Binds/sec; Fast Binds/sec; Base searches/sec; Subtree searches/sec; Onelevel searches/sec; Database adds/sec; Database modifys/sec; Database deletes/sec; Database recycles/sec; Approximate highest DNT; Transitive operations/sec; Transitive suboperations/sec; Transitive operations milliseconds run   #SEP#interval = 10#SEP#disabled = 1#SEP#mode = multikv#SEP#useEnglishOnly=true",false,0,"perfmon - Performance Counters - Perfmon Inputs from TA-AD/TA-DNS ",perfmon,NTDS,"NTDS
counters = DRA Inbound Properties Total/sec; AB Browses/sec; DRA Inbound Objects Applied/sec; DS Threads in Use; AB Client Sessions; DRA Pending Replication Synchronizations; DRA Inbound Object Updates Remaining in Packet; DS Security Descriptor sub-operations/sec; DS Security Descriptor Propagations Events; LDAP Client Sessions; LDAP Active Threads; LDAP Writes/sec; LDAP Searches/sec; DRA Outbound Objects/sec; DRA Outbound Properties/sec; DRA Inbound Values Total/sec; DRA Sync Requests Made; DRA Sync Requests Successful; DRA Sync Failures on Schema Mismatch; DRA Inbound Objects/sec; DRA Inbound Properties Applied/sec; DRA Inbound Properties Filtered/sec; DS Monitor List Size; DS Notify Queue Size; LDAP UDP operations/sec; DS Search sub-operations/sec; DS Name Cache hit rate; DRA Highest USN Issued (Low part); DRA Highest USN Issued (High part); DRA Highest USN Committed (Low part); DRA Highest USN Committed (High part); DS % Writes from SAM; DS % Writes from DRA; DS % Writes from LDAP; DS % Writes from LSA; DS % Writes from KCC; DS % Writes from NSPI; DS % Writes Other; DS Directory Writes/sec; DS % Searches from SAM; DS % Searches from DRA; DS % Searches from LDAP; DS % Searches from LSA; DS % Searches from KCC; DS % Searches from NSPI; DS % Searches Other; DS Directory Searches/sec; DS % Reads from SAM; DS % Reads from DRA; DRA Inbound Values (DNs only)/sec; DRA Inbound Objects Filtered/sec; DS % Reads from LSA; DS % Reads from KCC; DS % Reads from NSPI; DS % Reads Other; DS Directory Reads/sec; LDAP Successful Binds/sec; LDAP Bind Time; SAM Successful Computer Creations/sec: Includes all requests; SAM Machine Creation Attempts/sec; SAM Successful User Creations/sec; SAM User Creation Attempts/sec; SAM Password Changes/sec; SAM Membership Changes/sec; SAM Display Information Queries/sec; SAM Enumerations/sec; SAM Transitive Membership Evaluations/sec; SAM Non-Transitive Membership Evaluations/sec; SAM Domain Local Group Membership Evaluations/sec; SAM Universal Group Membership Evaluations/sec; SAM Global Group Membership Evaluations/sec; SAM GC Evaluations/sec; DRA Inbound Full Sync Objects Remaining; DRA Inbound Bytes Total/sec; DRA Inbound Bytes Not Compressed (Within Site)/sec; DRA Inbound Bytes Compressed (Between Sites, Before Compression)/sec; DRA Inbound Bytes Compressed (Between Sites, After Compression)/sec; DRA Outbound Bytes Total/sec; DRA Outbound Bytes Not Compressed (Within Site)/sec; DRA Outbound Bytes Compressed (Between Sites, Before Compression)/sec; DRA Outbound Bytes Compressed (Between Sites, After Compression)/sec; DS Client Binds/sec; DS Server Binds/sec; DS Client Name Translations/sec; DS Server Name Translations/sec; DS Security Descriptor Propagator Runtime Queue; DS Security Descriptor Propagator Average Exclusion Time; DRA Outbound Objects Filtered/sec; DRA Outbound Values Total/sec; DRA Outbound Values (DNs only)/sec; AB ANR/sec; AB Property Reads/sec; AB Searches/sec; AB Matches/sec; AB Proxy Lookups/sec; ATQ Threads Total; ATQ Threads LDAP; ATQ Threads Other; DRA Inbound Bytes Total Since Boot; DRA Inbound Bytes Not Compressed (Within Site) Since Boot; DRA Inbound Bytes Compressed (Between Sites, Before Compression) Since Boot; DRA Inbound Bytes Compressed (Between Sites, After Compression) Since Boot; DRA Outbound Bytes Total Since Boot; DRA Outbound Bytes Not Compressed (Within Site) Since Boot; DRA Outbound Bytes Compressed (Between Sites, Before Compression) Since Boot; DRA Outbound Bytes Compressed (Between Sites, After Compression) Since Boot; LDAP New Connections/sec; LDAP Closed Connections/sec; LDAP New SSL Connections/sec; DRA Pending Replication Operations; DRA Threads Getting NC Changes; DRA Threads Getting NC Changes Holding Semaphore; DRA Inbound Link Value Updates Remaining in Packet; DRA Inbound Total Updates Remaining in Packet; DS % Writes from NTDSAPI; DS % Searches from NTDSAPI; DS % Reads from NTDSAPI; SAM Account Group Evaluation Latency; SAM Resource Group Evaluation Latency; ATQ Outstanding Queued Requests; ATQ Request Latency; ATQ Estimated Queue Delay; Tombstones Garbage Collected/sec; Phantoms Cleaned/sec; Link Values Cleaned/sec; Tombstones Visited/sec; Phantoms Visited/sec; NTLM Binds/sec; Negotiated Binds/sec; Digest Binds/sec; Simple Binds/sec; External Binds/sec; Fast Binds/sec; Base searches/sec; Subtree searches/sec; Onelevel searches/sec; Database adds/sec; Database modifys/sec; Database deletes/sec; Database recycles/sec; Approximate highest DNT; Transitive operations/sec; Transitive suboperations/sec; Transitive operations milliseconds run   
interval = 10
disabled = 1
mode = multikv
useEnglishOnly=true","perfmon://NTDS#interval ","","AD/DNS or Base Windows","",2
"perfmon://NTDS","disabled "," 1","[perfmon://NTDS]#SEP#object = NTDS#SEP#counters = DRA Inbound Properties Total/sec; AB Browses/sec; DRA Inbound Objects Applied/sec; DS Threads in Use; AB Client Sessions; DRA Pending Replication Synchronizations; DRA Inbound Object Updates Remaining in Packet; DS Security Descriptor sub-operations/sec; DS Security Descriptor Propagations Events; LDAP Client Sessions; LDAP Active Threads; LDAP Writes/sec; LDAP Searches/sec; DRA Outbound Objects/sec; DRA Outbound Properties/sec; DRA Inbound Values Total/sec; DRA Sync Requests Made; DRA Sync Requests Successful; DRA Sync Failures on Schema Mismatch; DRA Inbound Objects/sec; DRA Inbound Properties Applied/sec; DRA Inbound Properties Filtered/sec; DS Monitor List Size; DS Notify Queue Size; LDAP UDP operations/sec; DS Search sub-operations/sec; DS Name Cache hit rate; DRA Highest USN Issued (Low part); DRA Highest USN Issued (High part); DRA Highest USN Committed (Low part); DRA Highest USN Committed (High part); DS % Writes from SAM; DS % Writes from DRA; DS % Writes from LDAP; DS % Writes from LSA; DS % Writes from KCC; DS % Writes from NSPI; DS % Writes Other; DS Directory Writes/sec; DS % Searches from SAM; DS % Searches from DRA; DS % Searches from LDAP; DS % Searches from LSA; DS % Searches from KCC; DS % Searches from NSPI; DS % Searches Other; DS Directory Searches/sec; DS % Reads from SAM; DS % Reads from DRA; DRA Inbound Values (DNs only)/sec; DRA Inbound Objects Filtered/sec; DS % Reads from LSA; DS % Reads from KCC; DS % Reads from NSPI; DS % Reads Other; DS Directory Reads/sec; LDAP Successful Binds/sec; LDAP Bind Time; SAM Successful Computer Creations/sec: Includes all requests; SAM Machine Creation Attempts/sec; SAM Successful User Creations/sec; SAM User Creation Attempts/sec; SAM Password Changes/sec; SAM Membership Changes/sec; SAM Display Information Queries/sec; SAM Enumerations/sec; SAM Transitive Membership Evaluations/sec; SAM Non-Transitive Membership Evaluations/sec; SAM Domain Local Group Membership Evaluations/sec; SAM Universal Group Membership Evaluations/sec; SAM Global Group Membership Evaluations/sec; SAM GC Evaluations/sec; DRA Inbound Full Sync Objects Remaining; DRA Inbound Bytes Total/sec; DRA Inbound Bytes Not Compressed (Within Site)/sec; DRA Inbound Bytes Compressed (Between Sites, Before Compression)/sec; DRA Inbound Bytes Compressed (Between Sites, After Compression)/sec; DRA Outbound Bytes Total/sec; DRA Outbound Bytes Not Compressed (Within Site)/sec; DRA Outbound Bytes Compressed (Between Sites, Before Compression)/sec; DRA Outbound Bytes Compressed (Between Sites, After Compression)/sec; DS Client Binds/sec; DS Server Binds/sec; DS Client Name Translations/sec; DS Server Name Translations/sec; DS Security Descriptor Propagator Runtime Queue; DS Security Descriptor Propagator Average Exclusion Time; DRA Outbound Objects Filtered/sec; DRA Outbound Values Total/sec; DRA Outbound Values (DNs only)/sec; AB ANR/sec; AB Property Reads/sec; AB Searches/sec; AB Matches/sec; AB Proxy Lookups/sec; ATQ Threads Total; ATQ Threads LDAP; ATQ Threads Other; DRA Inbound Bytes Total Since Boot; DRA Inbound Bytes Not Compressed (Within Site) Since Boot; DRA Inbound Bytes Compressed (Between Sites, Before Compression) Since Boot; DRA Inbound Bytes Compressed (Between Sites, After Compression) Since Boot; DRA Outbound Bytes Total Since Boot; DRA Outbound Bytes Not Compressed (Within Site) Since Boot; DRA Outbound Bytes Compressed (Between Sites, Before Compression) Since Boot; DRA Outbound Bytes Compressed (Between Sites, After Compression) Since Boot; LDAP New Connections/sec; LDAP Closed Connections/sec; LDAP New SSL Connections/sec; DRA Pending Replication Operations; DRA Threads Getting NC Changes; DRA Threads Getting NC Changes Holding Semaphore; DRA Inbound Link Value Updates Remaining in Packet; DRA Inbound Total Updates Remaining in Packet; DS % Writes from NTDSAPI; DS % Searches from NTDSAPI; DS % Reads from NTDSAPI; SAM Account Group Evaluation Latency; SAM Resource Group Evaluation Latency; ATQ Outstanding Queued Requests; ATQ Request Latency; ATQ Estimated Queue Delay; Tombstones Garbage Collected/sec; Phantoms Cleaned/sec; Link Values Cleaned/sec; Tombstones Visited/sec; Phantoms Visited/sec; NTLM Binds/sec; Negotiated Binds/sec; Digest Binds/sec; Simple Binds/sec; External Binds/sec; Fast Binds/sec; Base searches/sec; Subtree searches/sec; Onelevel searches/sec; Database adds/sec; Database modifys/sec; Database deletes/sec; Database recycles/sec; Approximate highest DNT; Transitive operations/sec; Transitive suboperations/sec; Transitive operations milliseconds run   #SEP#interval = 10#SEP#disabled = 1#SEP#mode = multikv#SEP#useEnglishOnly=true",false,0,"perfmon - Performance Counters - Perfmon Inputs from TA-AD/TA-DNS ",perfmon,NTDS,"NTDS
counters = DRA Inbound Properties Total/sec; AB Browses/sec; DRA Inbound Objects Applied/sec; DS Threads in Use; AB Client Sessions; DRA Pending Replication Synchronizations; DRA Inbound Object Updates Remaining in Packet; DS Security Descriptor sub-operations/sec; DS Security Descriptor Propagations Events; LDAP Client Sessions; LDAP Active Threads; LDAP Writes/sec; LDAP Searches/sec; DRA Outbound Objects/sec; DRA Outbound Properties/sec; DRA Inbound Values Total/sec; DRA Sync Requests Made; DRA Sync Requests Successful; DRA Sync Failures on Schema Mismatch; DRA Inbound Objects/sec; DRA Inbound Properties Applied/sec; DRA Inbound Properties Filtered/sec; DS Monitor List Size; DS Notify Queue Size; LDAP UDP operations/sec; DS Search sub-operations/sec; DS Name Cache hit rate; DRA Highest USN Issued (Low part); DRA Highest USN Issued (High part); DRA Highest USN Committed (Low part); DRA Highest USN Committed (High part); DS % Writes from SAM; DS % Writes from DRA; DS % Writes from LDAP; DS % Writes from LSA; DS % Writes from KCC; DS % Writes from NSPI; DS % Writes Other; DS Directory Writes/sec; DS % Searches from SAM; DS % Searches from DRA; DS % Searches from LDAP; DS % Searches from LSA; DS % Searches from KCC; DS % Searches from NSPI; DS % Searches Other; DS Directory Searches/sec; DS % Reads from SAM; DS % Reads from DRA; DRA Inbound Values (DNs only)/sec; DRA Inbound Objects Filtered/sec; DS % Reads from LSA; DS % Reads from KCC; DS % Reads from NSPI; DS % Reads Other; DS Directory Reads/sec; LDAP Successful Binds/sec; LDAP Bind Time; SAM Successful Computer Creations/sec: Includes all requests; SAM Machine Creation Attempts/sec; SAM Successful User Creations/sec; SAM User Creation Attempts/sec; SAM Password Changes/sec; SAM Membership Changes/sec; SAM Display Information Queries/sec; SAM Enumerations/sec; SAM Transitive Membership Evaluations/sec; SAM Non-Transitive Membership Evaluations/sec; SAM Domain Local Group Membership Evaluations/sec; SAM Universal Group Membership Evaluations/sec; SAM Global Group Membership Evaluations/sec; SAM GC Evaluations/sec; DRA Inbound Full Sync Objects Remaining; DRA Inbound Bytes Total/sec; DRA Inbound Bytes Not Compressed (Within Site)/sec; DRA Inbound Bytes Compressed (Between Sites, Before Compression)/sec; DRA Inbound Bytes Compressed (Between Sites, After Compression)/sec; DRA Outbound Bytes Total/sec; DRA Outbound Bytes Not Compressed (Within Site)/sec; DRA Outbound Bytes Compressed (Between Sites, Before Compression)/sec; DRA Outbound Bytes Compressed (Between Sites, After Compression)/sec; DS Client Binds/sec; DS Server Binds/sec; DS Client Name Translations/sec; DS Server Name Translations/sec; DS Security Descriptor Propagator Runtime Queue; DS Security Descriptor Propagator Average Exclusion Time; DRA Outbound Objects Filtered/sec; DRA Outbound Values Total/sec; DRA Outbound Values (DNs only)/sec; AB ANR/sec; AB Property Reads/sec; AB Searches/sec; AB Matches/sec; AB Proxy Lookups/sec; ATQ Threads Total; ATQ Threads LDAP; ATQ Threads Other; DRA Inbound Bytes Total Since Boot; DRA Inbound Bytes Not Compressed (Within Site) Since Boot; DRA Inbound Bytes Compressed (Between Sites, Before Compression) Since Boot; DRA Inbound Bytes Compressed (Between Sites, After Compression) Since Boot; DRA Outbound Bytes Total Since Boot; DRA Outbound Bytes Not Compressed (Within Site) Since Boot; DRA Outbound Bytes Compressed (Between Sites, Before Compression) Since Boot; DRA Outbound Bytes Compressed (Between Sites, After Compression) Since Boot; LDAP New Connections/sec; LDAP Closed Connections/sec; LDAP New SSL Connections/sec; DRA Pending Replication Operations; DRA Threads Getting NC Changes; DRA Threads Getting NC Changes Holding Semaphore; DRA Inbound Link Value Updates Remaining in Packet; DRA Inbound Total Updates Remaining in Packet; DS % Writes from NTDSAPI; DS % Searches from NTDSAPI; DS % Reads from NTDSAPI; SAM Account Group Evaluation Latency; SAM Resource Group Evaluation Latency; ATQ Outstanding Queued Requests; ATQ Request Latency; ATQ Estimated Queue Delay; Tombstones Garbage Collected/sec; Phantoms Cleaned/sec; Link Values Cleaned/sec; Tombstones Visited/sec; Phantoms Visited/sec; NTLM Binds/sec; Negotiated Binds/sec; Digest Binds/sec; Simple Binds/sec; External Binds/sec; Fast Binds/sec; Base searches/sec; Subtree searches/sec; Onelevel searches/sec; Database adds/sec; Database modifys/sec; Database deletes/sec; Database recycles/sec; Approximate highest DNT; Transitive operations/sec; Transitive suboperations/sec; Transitive operations milliseconds run   
interval = 10
disabled = 1
mode = multikv
useEnglishOnly=true","perfmon://NTDS#disabled ","","AD/DNS or Base Windows","",3
"perfmon://NTDS","mode "," multikv","[perfmon://NTDS]#SEP#object = NTDS#SEP#counters = DRA Inbound Properties Total/sec; AB Browses/sec; DRA Inbound Objects Applied/sec; DS Threads in Use; AB Client Sessions; DRA Pending Replication Synchronizations; DRA Inbound Object Updates Remaining in Packet; DS Security Descriptor sub-operations/sec; DS Security Descriptor Propagations Events; LDAP Client Sessions; LDAP Active Threads; LDAP Writes/sec; LDAP Searches/sec; DRA Outbound Objects/sec; DRA Outbound Properties/sec; DRA Inbound Values Total/sec; DRA Sync Requests Made; DRA Sync Requests Successful; DRA Sync Failures on Schema Mismatch; DRA Inbound Objects/sec; DRA Inbound Properties Applied/sec; DRA Inbound Properties Filtered/sec; DS Monitor List Size; DS Notify Queue Size; LDAP UDP operations/sec; DS Search sub-operations/sec; DS Name Cache hit rate; DRA Highest USN Issued (Low part); DRA Highest USN Issued (High part); DRA Highest USN Committed (Low part); DRA Highest USN Committed (High part); DS % Writes from SAM; DS % Writes from DRA; DS % Writes from LDAP; DS % Writes from LSA; DS % Writes from KCC; DS % Writes from NSPI; DS % Writes Other; DS Directory Writes/sec; DS % Searches from SAM; DS % Searches from DRA; DS % Searches from LDAP; DS % Searches from LSA; DS % Searches from KCC; DS % Searches from NSPI; DS % Searches Other; DS Directory Searches/sec; DS % Reads from SAM; DS % Reads from DRA; DRA Inbound Values (DNs only)/sec; DRA Inbound Objects Filtered/sec; DS % Reads from LSA; DS % Reads from KCC; DS % Reads from NSPI; DS % Reads Other; DS Directory Reads/sec; LDAP Successful Binds/sec; LDAP Bind Time; SAM Successful Computer Creations/sec: Includes all requests; SAM Machine Creation Attempts/sec; SAM Successful User Creations/sec; SAM User Creation Attempts/sec; SAM Password Changes/sec; SAM Membership Changes/sec; SAM Display Information Queries/sec; SAM Enumerations/sec; SAM Transitive Membership Evaluations/sec; SAM Non-Transitive Membership Evaluations/sec; SAM Domain Local Group Membership Evaluations/sec; SAM Universal Group Membership Evaluations/sec; SAM Global Group Membership Evaluations/sec; SAM GC Evaluations/sec; DRA Inbound Full Sync Objects Remaining; DRA Inbound Bytes Total/sec; DRA Inbound Bytes Not Compressed (Within Site)/sec; DRA Inbound Bytes Compressed (Between Sites, Before Compression)/sec; DRA Inbound Bytes Compressed (Between Sites, After Compression)/sec; DRA Outbound Bytes Total/sec; DRA Outbound Bytes Not Compressed (Within Site)/sec; DRA Outbound Bytes Compressed (Between Sites, Before Compression)/sec; DRA Outbound Bytes Compressed (Between Sites, After Compression)/sec; DS Client Binds/sec; DS Server Binds/sec; DS Client Name Translations/sec; DS Server Name Translations/sec; DS Security Descriptor Propagator Runtime Queue; DS Security Descriptor Propagator Average Exclusion Time; DRA Outbound Objects Filtered/sec; DRA Outbound Values Total/sec; DRA Outbound Values (DNs only)/sec; AB ANR/sec; AB Property Reads/sec; AB Searches/sec; AB Matches/sec; AB Proxy Lookups/sec; ATQ Threads Total; ATQ Threads LDAP; ATQ Threads Other; DRA Inbound Bytes Total Since Boot; DRA Inbound Bytes Not Compressed (Within Site) Since Boot; DRA Inbound Bytes Compressed (Between Sites, Before Compression) Since Boot; DRA Inbound Bytes Compressed (Between Sites, After Compression) Since Boot; DRA Outbound Bytes Total Since Boot; DRA Outbound Bytes Not Compressed (Within Site) Since Boot; DRA Outbound Bytes Compressed (Between Sites, Before Compression) Since Boot; DRA Outbound Bytes Compressed (Between Sites, After Compression) Since Boot; LDAP New Connections/sec; LDAP Closed Connections/sec; LDAP New SSL Connections/sec; DRA Pending Replication Operations; DRA Threads Getting NC Changes; DRA Threads Getting NC Changes Holding Semaphore; DRA Inbound Link Value Updates Remaining in Packet; DRA Inbound Total Updates Remaining in Packet; DS % Writes from NTDSAPI; DS % Searches from NTDSAPI; DS % Reads from NTDSAPI; SAM Account Group Evaluation Latency; SAM Resource Group Evaluation Latency; ATQ Outstanding Queued Requests; ATQ Request Latency; ATQ Estimated Queue Delay; Tombstones Garbage Collected/sec; Phantoms Cleaned/sec; Link Values Cleaned/sec; Tombstones Visited/sec; Phantoms Visited/sec; NTLM Binds/sec; Negotiated Binds/sec; Digest Binds/sec; Simple Binds/sec; External Binds/sec; Fast Binds/sec; Base searches/sec; Subtree searches/sec; Onelevel searches/sec; Database adds/sec; Database modifys/sec; Database deletes/sec; Database recycles/sec; Approximate highest DNT; Transitive operations/sec; Transitive suboperations/sec; Transitive operations milliseconds run   #SEP#interval = 10#SEP#disabled = 1#SEP#mode = multikv#SEP#useEnglishOnly=true",false,0,"perfmon - Performance Counters - Perfmon Inputs from TA-AD/TA-DNS ",perfmon,NTDS,"NTDS
counters = DRA Inbound Properties Total/sec; AB Browses/sec; DRA Inbound Objects Applied/sec; DS Threads in Use; AB Client Sessions; DRA Pending Replication Synchronizations; DRA Inbound Object Updates Remaining in Packet; DS Security Descriptor sub-operations/sec; DS Security Descriptor Propagations Events; LDAP Client Sessions; LDAP Active Threads; LDAP Writes/sec; LDAP Searches/sec; DRA Outbound Objects/sec; DRA Outbound Properties/sec; DRA Inbound Values Total/sec; DRA Sync Requests Made; DRA Sync Requests Successful; DRA Sync Failures on Schema Mismatch; DRA Inbound Objects/sec; DRA Inbound Properties Applied/sec; DRA Inbound Properties Filtered/sec; DS Monitor List Size; DS Notify Queue Size; LDAP UDP operations/sec; DS Search sub-operations/sec; DS Name Cache hit rate; DRA Highest USN Issued (Low part); DRA Highest USN Issued (High part); DRA Highest USN Committed (Low part); DRA Highest USN Committed (High part); DS % Writes from SAM; DS % Writes from DRA; DS % Writes from LDAP; DS % Writes from LSA; DS % Writes from KCC; DS % Writes from NSPI; DS % Writes Other; DS Directory Writes/sec; DS % Searches from SAM; DS % Searches from DRA; DS % Searches from LDAP; DS % Searches from LSA; DS % Searches from KCC; DS % Searches from NSPI; DS % Searches Other; DS Directory Searches/sec; DS % Reads from SAM; DS % Reads from DRA; DRA Inbound Values (DNs only)/sec; DRA Inbound Objects Filtered/sec; DS % Reads from LSA; DS % Reads from KCC; DS % Reads from NSPI; DS % Reads Other; DS Directory Reads/sec; LDAP Successful Binds/sec; LDAP Bind Time; SAM Successful Computer Creations/sec: Includes all requests; SAM Machine Creation Attempts/sec; SAM Successful User Creations/sec; SAM User Creation Attempts/sec; SAM Password Changes/sec; SAM Membership Changes/sec; SAM Display Information Queries/sec; SAM Enumerations/sec; SAM Transitive Membership Evaluations/sec; SAM Non-Transitive Membership Evaluations/sec; SAM Domain Local Group Membership Evaluations/sec; SAM Universal Group Membership Evaluations/sec; SAM Global Group Membership Evaluations/sec; SAM GC Evaluations/sec; DRA Inbound Full Sync Objects Remaining; DRA Inbound Bytes Total/sec; DRA Inbound Bytes Not Compressed (Within Site)/sec; DRA Inbound Bytes Compressed (Between Sites, Before Compression)/sec; DRA Inbound Bytes Compressed (Between Sites, After Compression)/sec; DRA Outbound Bytes Total/sec; DRA Outbound Bytes Not Compressed (Within Site)/sec; DRA Outbound Bytes Compressed (Between Sites, Before Compression)/sec; DRA Outbound Bytes Compressed (Between Sites, After Compression)/sec; DS Client Binds/sec; DS Server Binds/sec; DS Client Name Translations/sec; DS Server Name Translations/sec; DS Security Descriptor Propagator Runtime Queue; DS Security Descriptor Propagator Average Exclusion Time; DRA Outbound Objects Filtered/sec; DRA Outbound Values Total/sec; DRA Outbound Values (DNs only)/sec; AB ANR/sec; AB Property Reads/sec; AB Searches/sec; AB Matches/sec; AB Proxy Lookups/sec; ATQ Threads Total; ATQ Threads LDAP; ATQ Threads Other; DRA Inbound Bytes Total Since Boot; DRA Inbound Bytes Not Compressed (Within Site) Since Boot; DRA Inbound Bytes Compressed (Between Sites, Before Compression) Since Boot; DRA Inbound Bytes Compressed (Between Sites, After Compression) Since Boot; DRA Outbound Bytes Total Since Boot; DRA Outbound Bytes Not Compressed (Within Site) Since Boot; DRA Outbound Bytes Compressed (Between Sites, Before Compression) Since Boot; DRA Outbound Bytes Compressed (Between Sites, After Compression) Since Boot; LDAP New Connections/sec; LDAP Closed Connections/sec; LDAP New SSL Connections/sec; DRA Pending Replication Operations; DRA Threads Getting NC Changes; DRA Threads Getting NC Changes Holding Semaphore; DRA Inbound Link Value Updates Remaining in Packet; DRA Inbound Total Updates Remaining in Packet; DS % Writes from NTDSAPI; DS % Searches from NTDSAPI; DS % Reads from NTDSAPI; SAM Account Group Evaluation Latency; SAM Resource Group Evaluation Latency; ATQ Outstanding Queued Requests; ATQ Request Latency; ATQ Estimated Queue Delay; Tombstones Garbage Collected/sec; Phantoms Cleaned/sec; Link Values Cleaned/sec; Tombstones Visited/sec; Phantoms Visited/sec; NTLM Binds/sec; Negotiated Binds/sec; Digest Binds/sec; Simple Binds/sec; External Binds/sec; Fast Binds/sec; Base searches/sec; Subtree searches/sec; Onelevel searches/sec; Database adds/sec; Database modifys/sec; Database deletes/sec; Database recycles/sec; Approximate highest DNT; Transitive operations/sec; Transitive suboperations/sec; Transitive operations milliseconds run   
interval = 10
disabled = 1
mode = multikv
useEnglishOnly=true","perfmon://NTDS#mode ","","AD/DNS or Base Windows","",4
"perfmon://NTDS",useEnglishOnly,true,"[perfmon://NTDS]#SEP#object = NTDS#SEP#counters = DRA Inbound Properties Total/sec; AB Browses/sec; DRA Inbound Objects Applied/sec; DS Threads in Use; AB Client Sessions; DRA Pending Replication Synchronizations; DRA Inbound Object Updates Remaining in Packet; DS Security Descriptor sub-operations/sec; DS Security Descriptor Propagations Events; LDAP Client Sessions; LDAP Active Threads; LDAP Writes/sec; LDAP Searches/sec; DRA Outbound Objects/sec; DRA Outbound Properties/sec; DRA Inbound Values Total/sec; DRA Sync Requests Made; DRA Sync Requests Successful; DRA Sync Failures on Schema Mismatch; DRA Inbound Objects/sec; DRA Inbound Properties Applied/sec; DRA Inbound Properties Filtered/sec; DS Monitor List Size; DS Notify Queue Size; LDAP UDP operations/sec; DS Search sub-operations/sec; DS Name Cache hit rate; DRA Highest USN Issued (Low part); DRA Highest USN Issued (High part); DRA Highest USN Committed (Low part); DRA Highest USN Committed (High part); DS % Writes from SAM; DS % Writes from DRA; DS % Writes from LDAP; DS % Writes from LSA; DS % Writes from KCC; DS % Writes from NSPI; DS % Writes Other; DS Directory Writes/sec; DS % Searches from SAM; DS % Searches from DRA; DS % Searches from LDAP; DS % Searches from LSA; DS % Searches from KCC; DS % Searches from NSPI; DS % Searches Other; DS Directory Searches/sec; DS % Reads from SAM; DS % Reads from DRA; DRA Inbound Values (DNs only)/sec; DRA Inbound Objects Filtered/sec; DS % Reads from LSA; DS % Reads from KCC; DS % Reads from NSPI; DS % Reads Other; DS Directory Reads/sec; LDAP Successful Binds/sec; LDAP Bind Time; SAM Successful Computer Creations/sec: Includes all requests; SAM Machine Creation Attempts/sec; SAM Successful User Creations/sec; SAM User Creation Attempts/sec; SAM Password Changes/sec; SAM Membership Changes/sec; SAM Display Information Queries/sec; SAM Enumerations/sec; SAM Transitive Membership Evaluations/sec; SAM Non-Transitive Membership Evaluations/sec; SAM Domain Local Group Membership Evaluations/sec; SAM Universal Group Membership Evaluations/sec; SAM Global Group Membership Evaluations/sec; SAM GC Evaluations/sec; DRA Inbound Full Sync Objects Remaining; DRA Inbound Bytes Total/sec; DRA Inbound Bytes Not Compressed (Within Site)/sec; DRA Inbound Bytes Compressed (Between Sites, Before Compression)/sec; DRA Inbound Bytes Compressed (Between Sites, After Compression)/sec; DRA Outbound Bytes Total/sec; DRA Outbound Bytes Not Compressed (Within Site)/sec; DRA Outbound Bytes Compressed (Between Sites, Before Compression)/sec; DRA Outbound Bytes Compressed (Between Sites, After Compression)/sec; DS Client Binds/sec; DS Server Binds/sec; DS Client Name Translations/sec; DS Server Name Translations/sec; DS Security Descriptor Propagator Runtime Queue; DS Security Descriptor Propagator Average Exclusion Time; DRA Outbound Objects Filtered/sec; DRA Outbound Values Total/sec; DRA Outbound Values (DNs only)/sec; AB ANR/sec; AB Property Reads/sec; AB Searches/sec; AB Matches/sec; AB Proxy Lookups/sec; ATQ Threads Total; ATQ Threads LDAP; ATQ Threads Other; DRA Inbound Bytes Total Since Boot; DRA Inbound Bytes Not Compressed (Within Site) Since Boot; DRA Inbound Bytes Compressed (Between Sites, Before Compression) Since Boot; DRA Inbound Bytes Compressed (Between Sites, After Compression) Since Boot; DRA Outbound Bytes Total Since Boot; DRA Outbound Bytes Not Compressed (Within Site) Since Boot; DRA Outbound Bytes Compressed (Between Sites, Before Compression) Since Boot; DRA Outbound Bytes Compressed (Between Sites, After Compression) Since Boot; LDAP New Connections/sec; LDAP Closed Connections/sec; LDAP New SSL Connections/sec; DRA Pending Replication Operations; DRA Threads Getting NC Changes; DRA Threads Getting NC Changes Holding Semaphore; DRA Inbound Link Value Updates Remaining in Packet; DRA Inbound Total Updates Remaining in Packet; DS % Writes from NTDSAPI; DS % Searches from NTDSAPI; DS % Reads from NTDSAPI; SAM Account Group Evaluation Latency; SAM Resource Group Evaluation Latency; ATQ Outstanding Queued Requests; ATQ Request Latency; ATQ Estimated Queue Delay; Tombstones Garbage Collected/sec; Phantoms Cleaned/sec; Link Values Cleaned/sec; Tombstones Visited/sec; Phantoms Visited/sec; NTLM Binds/sec; Negotiated Binds/sec; Digest Binds/sec; Simple Binds/sec; External Binds/sec; Fast Binds/sec; Base searches/sec; Subtree searches/sec; Onelevel searches/sec; Database adds/sec; Database modifys/sec; Database deletes/sec; Database recycles/sec; Approximate highest DNT; Transitive operations/sec; Transitive suboperations/sec; Transitive operations milliseconds run   #SEP#interval = 10#SEP#disabled = 1#SEP#mode = multikv#SEP#useEnglishOnly=true",false,0,"perfmon - Performance Counters - Perfmon Inputs from TA-AD/TA-DNS ",perfmon,NTDS,"NTDS
counters = DRA Inbound Properties Total/sec; AB Browses/sec; DRA Inbound Objects Applied/sec; DS Threads in Use; AB Client Sessions; DRA Pending Replication Synchronizations; DRA Inbound Object Updates Remaining in Packet; DS Security Descriptor sub-operations/sec; DS Security Descriptor Propagations Events; LDAP Client Sessions; LDAP Active Threads; LDAP Writes/sec; LDAP Searches/sec; DRA Outbound Objects/sec; DRA Outbound Properties/sec; DRA Inbound Values Total/sec; DRA Sync Requests Made; DRA Sync Requests Successful; DRA Sync Failures on Schema Mismatch; DRA Inbound Objects/sec; DRA Inbound Properties Applied/sec; DRA Inbound Properties Filtered/sec; DS Monitor List Size; DS Notify Queue Size; LDAP UDP operations/sec; DS Search sub-operations/sec; DS Name Cache hit rate; DRA Highest USN Issued (Low part); DRA Highest USN Issued (High part); DRA Highest USN Committed (Low part); DRA Highest USN Committed (High part); DS % Writes from SAM; DS % Writes from DRA; DS % Writes from LDAP; DS % Writes from LSA; DS % Writes from KCC; DS % Writes from NSPI; DS % Writes Other; DS Directory Writes/sec; DS % Searches from SAM; DS % Searches from DRA; DS % Searches from LDAP; DS % Searches from LSA; DS % Searches from KCC; DS % Searches from NSPI; DS % Searches Other; DS Directory Searches/sec; DS % Reads from SAM; DS % Reads from DRA; DRA Inbound Values (DNs only)/sec; DRA Inbound Objects Filtered/sec; DS % Reads from LSA; DS % Reads from KCC; DS % Reads from NSPI; DS % Reads Other; DS Directory Reads/sec; LDAP Successful Binds/sec; LDAP Bind Time; SAM Successful Computer Creations/sec: Includes all requests; SAM Machine Creation Attempts/sec; SAM Successful User Creations/sec; SAM User Creation Attempts/sec; SAM Password Changes/sec; SAM Membership Changes/sec; SAM Display Information Queries/sec; SAM Enumerations/sec; SAM Transitive Membership Evaluations/sec; SAM Non-Transitive Membership Evaluations/sec; SAM Domain Local Group Membership Evaluations/sec; SAM Universal Group Membership Evaluations/sec; SAM Global Group Membership Evaluations/sec; SAM GC Evaluations/sec; DRA Inbound Full Sync Objects Remaining; DRA Inbound Bytes Total/sec; DRA Inbound Bytes Not Compressed (Within Site)/sec; DRA Inbound Bytes Compressed (Between Sites, Before Compression)/sec; DRA Inbound Bytes Compressed (Between Sites, After Compression)/sec; DRA Outbound Bytes Total/sec; DRA Outbound Bytes Not Compressed (Within Site)/sec; DRA Outbound Bytes Compressed (Between Sites, Before Compression)/sec; DRA Outbound Bytes Compressed (Between Sites, After Compression)/sec; DS Client Binds/sec; DS Server Binds/sec; DS Client Name Translations/sec; DS Server Name Translations/sec; DS Security Descriptor Propagator Runtime Queue; DS Security Descriptor Propagator Average Exclusion Time; DRA Outbound Objects Filtered/sec; DRA Outbound Values Total/sec; DRA Outbound Values (DNs only)/sec; AB ANR/sec; AB Property Reads/sec; AB Searches/sec; AB Matches/sec; AB Proxy Lookups/sec; ATQ Threads Total; ATQ Threads LDAP; ATQ Threads Other; DRA Inbound Bytes Total Since Boot; DRA Inbound Bytes Not Compressed (Within Site) Since Boot; DRA Inbound Bytes Compressed (Between Sites, Before Compression) Since Boot; DRA Inbound Bytes Compressed (Between Sites, After Compression) Since Boot; DRA Outbound Bytes Total Since Boot; DRA Outbound Bytes Not Compressed (Within Site) Since Boot; DRA Outbound Bytes Compressed (Between Sites, Before Compression) Since Boot; DRA Outbound Bytes Compressed (Between Sites, After Compression) Since Boot; LDAP New Connections/sec; LDAP Closed Connections/sec; LDAP New SSL Connections/sec; DRA Pending Replication Operations; DRA Threads Getting NC Changes; DRA Threads Getting NC Changes Holding Semaphore; DRA Inbound Link Value Updates Remaining in Packet; DRA Inbound Total Updates Remaining in Packet; DS % Writes from NTDSAPI; DS % Searches from NTDSAPI; DS % Reads from NTDSAPI; SAM Account Group Evaluation Latency; SAM Resource Group Evaluation Latency; ATQ Outstanding Queued Requests; ATQ Request Latency; ATQ Estimated Queue Delay; Tombstones Garbage Collected/sec; Phantoms Cleaned/sec; Link Values Cleaned/sec; Tombstones Visited/sec; Phantoms Visited/sec; NTLM Binds/sec; Negotiated Binds/sec; Digest Binds/sec; Simple Binds/sec; External Binds/sec; Fast Binds/sec; Base searches/sec; Subtree searches/sec; Onelevel searches/sec; Database adds/sec; Database modifys/sec; Database deletes/sec; Database recycles/sec; Approximate highest DNT; Transitive operations/sec; Transitive suboperations/sec; Transitive operations milliseconds run   
interval = 10
disabled = 1
mode = multikv
useEnglishOnly=true","perfmon://NTDS#useEnglishOnly","","AD/DNS or Base Windows","",5
"perfmon://DFS_Replicated_Folders","object "," DFS Replicated Folders","[perfmon://DFS_Replicated_Folders]#SEP#object = DFS Replicated Folders#SEP#counters = Bandwidth Savings Using DFS Replication; RDC Bytes Received; RDC Compressed Size of Files Received; RDC Size of Files Received; RDC Number of Files Received; Compressed Size of Files Received; Size of Files Received; Total Files Received; Deleted Space In Use; Deleted Bytes Cleaned up; Deleted Files Cleaned up; Deleted Bytes Generated; Deleted Files Generated; Updates Dropped; File Installs Retried; File Installs Succeeded; Conflict Folder Cleanups Completed; Conflict Space In Use; Conflict Bytes Cleaned up; Conflict Files Cleaned up; Conflict Bytes Generated; Conflict Files Generated; Staging Space In Use; Staging Bytes Cleaned up; Staging Files Cleaned up; Staging Bytes Generated; Staging Files Generated#SEP#instances = *#SEP#interval = 30#SEP#disabled = 1#SEP#mode = multikv#SEP#useEnglishOnly=true",false,0,"perfmon - Performance Counters - Perfmon Inputs from TA-AD/TA-DNS ",perfmon,"DFS_Replicated_Folders","DFS Replicated Folders
counters = Bandwidth Savings Using DFS Replication; RDC Bytes Received; RDC Compressed Size of Files Received; RDC Size of Files Received; RDC Number of Files Received; Compressed Size of Files Received; Size of Files Received; Total Files Received; Deleted Space In Use; Deleted Bytes Cleaned up; Deleted Files Cleaned up; Deleted Bytes Generated; Deleted Files Generated; Updates Dropped; File Installs Retried; File Installs Succeeded; Conflict Folder Cleanups Completed; Conflict Space In Use; Conflict Bytes Cleaned up; Conflict Files Cleaned up; Conflict Bytes Generated; Conflict Files Generated; Staging Space In Use; Staging Bytes Cleaned up; Staging Files Cleaned up; Staging Bytes Generated; Staging Files Generated
instances = *
interval = 30
disabled = 1
mode = multikv
useEnglishOnly=true","perfmon://DFS_Replicated_Folders#object ","","AD/DNS or Base Windows","",0
"perfmon://DFS_Replicated_Folders","counters "," Bandwidth Savings Using DFS Replication; RDC Bytes Received; RDC Compressed Size of Files Received; RDC Size of Files Received; RDC Number of Files Received; Compressed Size of Files Received; Size of Files Received; Total Files Received; Deleted Space In Use; Deleted Bytes Cleaned up; Deleted Files Cleaned up; Deleted Bytes Generated; Deleted Files Generated; Updates Dropped; File Installs Retried; File Installs Succeeded; Conflict Folder Cleanups Completed; Conflict Space In Use; Conflict Bytes Cleaned up; Conflict Files Cleaned up; Conflict Bytes Generated; Conflict Files Generated; Staging Space In Use; Staging Bytes Cleaned up; Staging Files Cleaned up; Staging Bytes Generated; Staging Files Generated","[perfmon://DFS_Replicated_Folders]#SEP#object = DFS Replicated Folders#SEP#counters = Bandwidth Savings Using DFS Replication; RDC Bytes Received; RDC Compressed Size of Files Received; RDC Size of Files Received; RDC Number of Files Received; Compressed Size of Files Received; Size of Files Received; Total Files Received; Deleted Space In Use; Deleted Bytes Cleaned up; Deleted Files Cleaned up; Deleted Bytes Generated; Deleted Files Generated; Updates Dropped; File Installs Retried; File Installs Succeeded; Conflict Folder Cleanups Completed; Conflict Space In Use; Conflict Bytes Cleaned up; Conflict Files Cleaned up; Conflict Bytes Generated; Conflict Files Generated; Staging Space In Use; Staging Bytes Cleaned up; Staging Files Cleaned up; Staging Bytes Generated; Staging Files Generated#SEP#instances = *#SEP#interval = 30#SEP#disabled = 1#SEP#mode = multikv#SEP#useEnglishOnly=true",false,0,"perfmon - Performance Counters - Perfmon Inputs from TA-AD/TA-DNS ",perfmon,"DFS_Replicated_Folders","DFS Replicated Folders
counters = Bandwidth Savings Using DFS Replication; RDC Bytes Received; RDC Compressed Size of Files Received; RDC Size of Files Received; RDC Number of Files Received; Compressed Size of Files Received; Size of Files Received; Total Files Received; Deleted Space In Use; Deleted Bytes Cleaned up; Deleted Files Cleaned up; Deleted Bytes Generated; Deleted Files Generated; Updates Dropped; File Installs Retried; File Installs Succeeded; Conflict Folder Cleanups Completed; Conflict Space In Use; Conflict Bytes Cleaned up; Conflict Files Cleaned up; Conflict Bytes Generated; Conflict Files Generated; Staging Space In Use; Staging Bytes Cleaned up; Staging Files Cleaned up; Staging Bytes Generated; Staging Files Generated
instances = *
interval = 30
disabled = 1
mode = multikv
useEnglishOnly=true","perfmon://DFS_Replicated_Folders#counters ","","AD/DNS or Base Windows","",1
"perfmon://DFS_Replicated_Folders","instances "," *","[perfmon://DFS_Replicated_Folders]#SEP#object = DFS Replicated Folders#SEP#counters = Bandwidth Savings Using DFS Replication; RDC Bytes Received; RDC Compressed Size of Files Received; RDC Size of Files Received; RDC Number of Files Received; Compressed Size of Files Received; Size of Files Received; Total Files Received; Deleted Space In Use; Deleted Bytes Cleaned up; Deleted Files Cleaned up; Deleted Bytes Generated; Deleted Files Generated; Updates Dropped; File Installs Retried; File Installs Succeeded; Conflict Folder Cleanups Completed; Conflict Space In Use; Conflict Bytes Cleaned up; Conflict Files Cleaned up; Conflict Bytes Generated; Conflict Files Generated; Staging Space In Use; Staging Bytes Cleaned up; Staging Files Cleaned up; Staging Bytes Generated; Staging Files Generated#SEP#instances = *#SEP#interval = 30#SEP#disabled = 1#SEP#mode = multikv#SEP#useEnglishOnly=true",false,0,"perfmon - Performance Counters - Perfmon Inputs from TA-AD/TA-DNS ",perfmon,"DFS_Replicated_Folders","DFS Replicated Folders
counters = Bandwidth Savings Using DFS Replication; RDC Bytes Received; RDC Compressed Size of Files Received; RDC Size of Files Received; RDC Number of Files Received; Compressed Size of Files Received; Size of Files Received; Total Files Received; Deleted Space In Use; Deleted Bytes Cleaned up; Deleted Files Cleaned up; Deleted Bytes Generated; Deleted Files Generated; Updates Dropped; File Installs Retried; File Installs Succeeded; Conflict Folder Cleanups Completed; Conflict Space In Use; Conflict Bytes Cleaned up; Conflict Files Cleaned up; Conflict Bytes Generated; Conflict Files Generated; Staging Space In Use; Staging Bytes Cleaned up; Staging Files Cleaned up; Staging Bytes Generated; Staging Files Generated
instances = *
interval = 30
disabled = 1
mode = multikv
useEnglishOnly=true","perfmon://DFS_Replicated_Folders#instances ","","AD/DNS or Base Windows","",2
"perfmon://DFS_Replicated_Folders","interval "," 30","[perfmon://DFS_Replicated_Folders]#SEP#object = DFS Replicated Folders#SEP#counters = Bandwidth Savings Using DFS Replication; RDC Bytes Received; RDC Compressed Size of Files Received; RDC Size of Files Received; RDC Number of Files Received; Compressed Size of Files Received; Size of Files Received; Total Files Received; Deleted Space In Use; Deleted Bytes Cleaned up; Deleted Files Cleaned up; Deleted Bytes Generated; Deleted Files Generated; Updates Dropped; File Installs Retried; File Installs Succeeded; Conflict Folder Cleanups Completed; Conflict Space In Use; Conflict Bytes Cleaned up; Conflict Files Cleaned up; Conflict Bytes Generated; Conflict Files Generated; Staging Space In Use; Staging Bytes Cleaned up; Staging Files Cleaned up; Staging Bytes Generated; Staging Files Generated#SEP#instances = *#SEP#interval = 30#SEP#disabled = 1#SEP#mode = multikv#SEP#useEnglishOnly=true",false,0,"perfmon - Performance Counters - Perfmon Inputs from TA-AD/TA-DNS ",perfmon,"DFS_Replicated_Folders","DFS Replicated Folders
counters = Bandwidth Savings Using DFS Replication; RDC Bytes Received; RDC Compressed Size of Files Received; RDC Size of Files Received; RDC Number of Files Received; Compressed Size of Files Received; Size of Files Received; Total Files Received; Deleted Space In Use; Deleted Bytes Cleaned up; Deleted Files Cleaned up; Deleted Bytes Generated; Deleted Files Generated; Updates Dropped; File Installs Retried; File Installs Succeeded; Conflict Folder Cleanups Completed; Conflict Space In Use; Conflict Bytes Cleaned up; Conflict Files Cleaned up; Conflict Bytes Generated; Conflict Files Generated; Staging Space In Use; Staging Bytes Cleaned up; Staging Files Cleaned up; Staging Bytes Generated; Staging Files Generated
instances = *
interval = 30
disabled = 1
mode = multikv
useEnglishOnly=true","perfmon://DFS_Replicated_Folders#interval ","","AD/DNS or Base Windows","",3
"perfmon://DFS_Replicated_Folders","disabled "," 1","[perfmon://DFS_Replicated_Folders]#SEP#object = DFS Replicated Folders#SEP#counters = Bandwidth Savings Using DFS Replication; RDC Bytes Received; RDC Compressed Size of Files Received; RDC Size of Files Received; RDC Number of Files Received; Compressed Size of Files Received; Size of Files Received; Total Files Received; Deleted Space In Use; Deleted Bytes Cleaned up; Deleted Files Cleaned up; Deleted Bytes Generated; Deleted Files Generated; Updates Dropped; File Installs Retried; File Installs Succeeded; Conflict Folder Cleanups Completed; Conflict Space In Use; Conflict Bytes Cleaned up; Conflict Files Cleaned up; Conflict Bytes Generated; Conflict Files Generated; Staging Space In Use; Staging Bytes Cleaned up; Staging Files Cleaned up; Staging Bytes Generated; Staging Files Generated#SEP#instances = *#SEP#interval = 30#SEP#disabled = 1#SEP#mode = multikv#SEP#useEnglishOnly=true",false,0,"perfmon - Performance Counters - Perfmon Inputs from TA-AD/TA-DNS ",perfmon,"DFS_Replicated_Folders","DFS Replicated Folders
counters = Bandwidth Savings Using DFS Replication; RDC Bytes Received; RDC Compressed Size of Files Received; RDC Size of Files Received; RDC Number of Files Received; Compressed Size of Files Received; Size of Files Received; Total Files Received; Deleted Space In Use; Deleted Bytes Cleaned up; Deleted Files Cleaned up; Deleted Bytes Generated; Deleted Files Generated; Updates Dropped; File Installs Retried; File Installs Succeeded; Conflict Folder Cleanups Completed; Conflict Space In Use; Conflict Bytes Cleaned up; Conflict Files Cleaned up; Conflict Bytes Generated; Conflict Files Generated; Staging Space In Use; Staging Bytes Cleaned up; Staging Files Cleaned up; Staging Bytes Generated; Staging Files Generated
instances = *
interval = 30
disabled = 1
mode = multikv
useEnglishOnly=true","perfmon://DFS_Replicated_Folders#disabled ","","AD/DNS or Base Windows","",4
"perfmon://DFS_Replicated_Folders","mode "," multikv","[perfmon://DFS_Replicated_Folders]#SEP#object = DFS Replicated Folders#SEP#counters = Bandwidth Savings Using DFS Replication; RDC Bytes Received; RDC Compressed Size of Files Received; RDC Size of Files Received; RDC Number of Files Received; Compressed Size of Files Received; Size of Files Received; Total Files Received; Deleted Space In Use; Deleted Bytes Cleaned up; Deleted Files Cleaned up; Deleted Bytes Generated; Deleted Files Generated; Updates Dropped; File Installs Retried; File Installs Succeeded; Conflict Folder Cleanups Completed; Conflict Space In Use; Conflict Bytes Cleaned up; Conflict Files Cleaned up; Conflict Bytes Generated; Conflict Files Generated; Staging Space In Use; Staging Bytes Cleaned up; Staging Files Cleaned up; Staging Bytes Generated; Staging Files Generated#SEP#instances = *#SEP#interval = 30#SEP#disabled = 1#SEP#mode = multikv#SEP#useEnglishOnly=true",false,0,"perfmon - Performance Counters - Perfmon Inputs from TA-AD/TA-DNS ",perfmon,"DFS_Replicated_Folders","DFS Replicated Folders
counters = Bandwidth Savings Using DFS Replication; RDC Bytes Received; RDC Compressed Size of Files Received; RDC Size of Files Received; RDC Number of Files Received; Compressed Size of Files Received; Size of Files Received; Total Files Received; Deleted Space In Use; Deleted Bytes Cleaned up; Deleted Files Cleaned up; Deleted Bytes Generated; Deleted Files Generated; Updates Dropped; File Installs Retried; File Installs Succeeded; Conflict Folder Cleanups Completed; Conflict Space In Use; Conflict Bytes Cleaned up; Conflict Files Cleaned up; Conflict Bytes Generated; Conflict Files Generated; Staging Space In Use; Staging Bytes Cleaned up; Staging Files Cleaned up; Staging Bytes Generated; Staging Files Generated
instances = *
interval = 30
disabled = 1
mode = multikv
useEnglishOnly=true","perfmon://DFS_Replicated_Folders#mode ","","AD/DNS or Base Windows","",5
"perfmon://DFS_Replicated_Folders",useEnglishOnly,true,"[perfmon://DFS_Replicated_Folders]#SEP#object = DFS Replicated Folders#SEP#counters = Bandwidth Savings Using DFS Replication; RDC Bytes Received; RDC Compressed Size of Files Received; RDC Size of Files Received; RDC Number of Files Received; Compressed Size of Files Received; Size of Files Received; Total Files Received; Deleted Space In Use; Deleted Bytes Cleaned up; Deleted Files Cleaned up; Deleted Bytes Generated; Deleted Files Generated; Updates Dropped; File Installs Retried; File Installs Succeeded; Conflict Folder Cleanups Completed; Conflict Space In Use; Conflict Bytes Cleaned up; Conflict Files Cleaned up; Conflict Bytes Generated; Conflict Files Generated; Staging Space In Use; Staging Bytes Cleaned up; Staging Files Cleaned up; Staging Bytes Generated; Staging Files Generated#SEP#instances = *#SEP#interval = 30#SEP#disabled = 1#SEP#mode = multikv#SEP#useEnglishOnly=true",false,0,"perfmon - Performance Counters - Perfmon Inputs from TA-AD/TA-DNS ",perfmon,"DFS_Replicated_Folders","DFS Replicated Folders
counters = Bandwidth Savings Using DFS Replication; RDC Bytes Received; RDC Compressed Size of Files Received; RDC Size of Files Received; RDC Number of Files Received; Compressed Size of Files Received; Size of Files Received; Total Files Received; Deleted Space In Use; Deleted Bytes Cleaned up; Deleted Files Cleaned up; Deleted Bytes Generated; Deleted Files Generated; Updates Dropped; File Installs Retried; File Installs Succeeded; Conflict Folder Cleanups Completed; Conflict Space In Use; Conflict Bytes Cleaned up; Conflict Files Cleaned up; Conflict Bytes Generated; Conflict Files Generated; Staging Space In Use; Staging Bytes Cleaned up; Staging Files Cleaned up; Staging Bytes Generated; Staging Files Generated
instances = *
interval = 30
disabled = 1
mode = multikv
useEnglishOnly=true","perfmon://DFS_Replicated_Folders#useEnglishOnly","","AD/DNS or Base Windows","",6
"perfmon://Network_Interface","object "," Network Interface","[perfmon://Network_Interface]#SEP#object = Network Interface#SEP#counters = Bytes Total/sec; Packets/sec; Packets Received/sec; Packets Sent/sec; Current Bandwidth; Bytes Received/sec; Packets Received Unicast/sec; Packets Received Non-Unicast/sec; Packets Received Discarded; Packets Received Errors; Packets Received Unknown; Bytes Sent/sec; Packets Sent Unicast/sec; Packets Sent Non-Unicast/sec; Packets Outbound Discarded; Packets Outbound Errors; Output Queue Length; Offloaded Connections; TCP Active RSC Connections; TCP RSC Coalesced Packets/sec; TCP RSC Exceptions/sec; TCP RSC Average Packet Size #SEP#instances = *#SEP#interval = 10#SEP#disabled = 1#SEP#mode = multikv#SEP#useEnglishOnly=true",false,0,"perfmon - Performance Counters - Perfmon Inputs from TA-AD/TA-DNS ",perfmon,"Network_Interface","Network Interface
counters = Bytes Total/sec; Packets/sec; Packets Received/sec; Packets Sent/sec; Current Bandwidth; Bytes Received/sec; Packets Received Unicast/sec; Packets Received Non-Unicast/sec; Packets Received Discarded; Packets Received Errors; Packets Received Unknown; Bytes Sent/sec; Packets Sent Unicast/sec; Packets Sent Non-Unicast/sec; Packets Outbound Discarded; Packets Outbound Errors; Output Queue Length; Offloaded Connections; TCP Active RSC Connections; TCP RSC Coalesced Packets/sec; TCP RSC Exceptions/sec; TCP RSC Average Packet Size 
instances = *
interval = 10
disabled = 1
mode = multikv
useEnglishOnly=true","perfmon://Network_Interface#object ","","AD/DNS or Base Windows","",0
"perfmon://Network_Interface","counters "," Bytes Total/sec; Packets/sec; Packets Received/sec; Packets Sent/sec; Current Bandwidth; Bytes Received/sec; Packets Received Unicast/sec; Packets Received Non-Unicast/sec; Packets Received Discarded; Packets Received Errors; Packets Received Unknown; Bytes Sent/sec; Packets Sent Unicast/sec; Packets Sent Non-Unicast/sec; Packets Outbound Discarded; Packets Outbound Errors; Output Queue Length; Offloaded Connections; TCP Active RSC Connections; TCP RSC Coalesced Packets/sec; TCP RSC Exceptions/sec; TCP RSC Average Packet Size ","[perfmon://Network_Interface]#SEP#object = Network Interface#SEP#counters = Bytes Total/sec; Packets/sec; Packets Received/sec; Packets Sent/sec; Current Bandwidth; Bytes Received/sec; Packets Received Unicast/sec; Packets Received Non-Unicast/sec; Packets Received Discarded; Packets Received Errors; Packets Received Unknown; Bytes Sent/sec; Packets Sent Unicast/sec; Packets Sent Non-Unicast/sec; Packets Outbound Discarded; Packets Outbound Errors; Output Queue Length; Offloaded Connections; TCP Active RSC Connections; TCP RSC Coalesced Packets/sec; TCP RSC Exceptions/sec; TCP RSC Average Packet Size #SEP#instances = *#SEP#interval = 10#SEP#disabled = 1#SEP#mode = multikv#SEP#useEnglishOnly=true",false,0,"perfmon - Performance Counters - Perfmon Inputs from TA-AD/TA-DNS ",perfmon,"Network_Interface","Network Interface
counters = Bytes Total/sec; Packets/sec; Packets Received/sec; Packets Sent/sec; Current Bandwidth; Bytes Received/sec; Packets Received Unicast/sec; Packets Received Non-Unicast/sec; Packets Received Discarded; Packets Received Errors; Packets Received Unknown; Bytes Sent/sec; Packets Sent Unicast/sec; Packets Sent Non-Unicast/sec; Packets Outbound Discarded; Packets Outbound Errors; Output Queue Length; Offloaded Connections; TCP Active RSC Connections; TCP RSC Coalesced Packets/sec; TCP RSC Exceptions/sec; TCP RSC Average Packet Size 
instances = *
interval = 10
disabled = 1
mode = multikv
useEnglishOnly=true","perfmon://Network_Interface#counters ","","AD/DNS or Base Windows","",1
"perfmon://Network_Interface","instances "," *","[perfmon://Network_Interface]#SEP#object = Network Interface#SEP#counters = Bytes Total/sec; Packets/sec; Packets Received/sec; Packets Sent/sec; Current Bandwidth; Bytes Received/sec; Packets Received Unicast/sec; Packets Received Non-Unicast/sec; Packets Received Discarded; Packets Received Errors; Packets Received Unknown; Bytes Sent/sec; Packets Sent Unicast/sec; Packets Sent Non-Unicast/sec; Packets Outbound Discarded; Packets Outbound Errors; Output Queue Length; Offloaded Connections; TCP Active RSC Connections; TCP RSC Coalesced Packets/sec; TCP RSC Exceptions/sec; TCP RSC Average Packet Size #SEP#instances = *#SEP#interval = 10#SEP#disabled = 1#SEP#mode = multikv#SEP#useEnglishOnly=true",false,0,"perfmon - Performance Counters - Perfmon Inputs from TA-AD/TA-DNS ",perfmon,"Network_Interface","Network Interface
counters = Bytes Total/sec; Packets/sec; Packets Received/sec; Packets Sent/sec; Current Bandwidth; Bytes Received/sec; Packets Received Unicast/sec; Packets Received Non-Unicast/sec; Packets Received Discarded; Packets Received Errors; Packets Received Unknown; Bytes Sent/sec; Packets Sent Unicast/sec; Packets Sent Non-Unicast/sec; Packets Outbound Discarded; Packets Outbound Errors; Output Queue Length; Offloaded Connections; TCP Active RSC Connections; TCP RSC Coalesced Packets/sec; TCP RSC Exceptions/sec; TCP RSC Average Packet Size 
instances = *
interval = 10
disabled = 1
mode = multikv
useEnglishOnly=true","perfmon://Network_Interface#instances ","","AD/DNS or Base Windows","",2
"perfmon://Network_Interface","interval "," 10","[perfmon://Network_Interface]#SEP#object = Network Interface#SEP#counters = Bytes Total/sec; Packets/sec; Packets Received/sec; Packets Sent/sec; Current Bandwidth; Bytes Received/sec; Packets Received Unicast/sec; Packets Received Non-Unicast/sec; Packets Received Discarded; Packets Received Errors; Packets Received Unknown; Bytes Sent/sec; Packets Sent Unicast/sec; Packets Sent Non-Unicast/sec; Packets Outbound Discarded; Packets Outbound Errors; Output Queue Length; Offloaded Connections; TCP Active RSC Connections; TCP RSC Coalesced Packets/sec; TCP RSC Exceptions/sec; TCP RSC Average Packet Size #SEP#instances = *#SEP#interval = 10#SEP#disabled = 1#SEP#mode = multikv#SEP#useEnglishOnly=true",false,0,"perfmon - Performance Counters - Perfmon Inputs from TA-AD/TA-DNS ",perfmon,"Network_Interface","Network Interface
counters = Bytes Total/sec; Packets/sec; Packets Received/sec; Packets Sent/sec; Current Bandwidth; Bytes Received/sec; Packets Received Unicast/sec; Packets Received Non-Unicast/sec; Packets Received Discarded; Packets Received Errors; Packets Received Unknown; Bytes Sent/sec; Packets Sent Unicast/sec; Packets Sent Non-Unicast/sec; Packets Outbound Discarded; Packets Outbound Errors; Output Queue Length; Offloaded Connections; TCP Active RSC Connections; TCP RSC Coalesced Packets/sec; TCP RSC Exceptions/sec; TCP RSC Average Packet Size 
instances = *
interval = 10
disabled = 1
mode = multikv
useEnglishOnly=true","perfmon://Network_Interface#interval ","","AD/DNS or Base Windows","",3
"perfmon://Network_Interface","disabled "," 1","[perfmon://Network_Interface]#SEP#object = Network Interface#SEP#counters = Bytes Total/sec; Packets/sec; Packets Received/sec; Packets Sent/sec; Current Bandwidth; Bytes Received/sec; Packets Received Unicast/sec; Packets Received Non-Unicast/sec; Packets Received Discarded; Packets Received Errors; Packets Received Unknown; Bytes Sent/sec; Packets Sent Unicast/sec; Packets Sent Non-Unicast/sec; Packets Outbound Discarded; Packets Outbound Errors; Output Queue Length; Offloaded Connections; TCP Active RSC Connections; TCP RSC Coalesced Packets/sec; TCP RSC Exceptions/sec; TCP RSC Average Packet Size #SEP#instances = *#SEP#interval = 10#SEP#disabled = 1#SEP#mode = multikv#SEP#useEnglishOnly=true",false,0,"perfmon - Performance Counters - Perfmon Inputs from TA-AD/TA-DNS ",perfmon,"Network_Interface","Network Interface
counters = Bytes Total/sec; Packets/sec; Packets Received/sec; Packets Sent/sec; Current Bandwidth; Bytes Received/sec; Packets Received Unicast/sec; Packets Received Non-Unicast/sec; Packets Received Discarded; Packets Received Errors; Packets Received Unknown; Bytes Sent/sec; Packets Sent Unicast/sec; Packets Sent Non-Unicast/sec; Packets Outbound Discarded; Packets Outbound Errors; Output Queue Length; Offloaded Connections; TCP Active RSC Connections; TCP RSC Coalesced Packets/sec; TCP RSC Exceptions/sec; TCP RSC Average Packet Size 
instances = *
interval = 10
disabled = 1
mode = multikv
useEnglishOnly=true","perfmon://Network_Interface#disabled ","","AD/DNS or Base Windows","",4
"perfmon://Network_Interface","mode "," multikv","[perfmon://Network_Interface]#SEP#object = Network Interface#SEP#counters = Bytes Total/sec; Packets/sec; Packets Received/sec; Packets Sent/sec; Current Bandwidth; Bytes Received/sec; Packets Received Unicast/sec; Packets Received Non-Unicast/sec; Packets Received Discarded; Packets Received Errors; Packets Received Unknown; Bytes Sent/sec; Packets Sent Unicast/sec; Packets Sent Non-Unicast/sec; Packets Outbound Discarded; Packets Outbound Errors; Output Queue Length; Offloaded Connections; TCP Active RSC Connections; TCP RSC Coalesced Packets/sec; TCP RSC Exceptions/sec; TCP RSC Average Packet Size #SEP#instances = *#SEP#interval = 10#SEP#disabled = 1#SEP#mode = multikv#SEP#useEnglishOnly=true",false,0,"perfmon - Performance Counters - Perfmon Inputs from TA-AD/TA-DNS ",perfmon,"Network_Interface","Network Interface
counters = Bytes Total/sec; Packets/sec; Packets Received/sec; Packets Sent/sec; Current Bandwidth; Bytes Received/sec; Packets Received Unicast/sec; Packets Received Non-Unicast/sec; Packets Received Discarded; Packets Received Errors; Packets Received Unknown; Bytes Sent/sec; Packets Sent Unicast/sec; Packets Sent Non-Unicast/sec; Packets Outbound Discarded; Packets Outbound Errors; Output Queue Length; Offloaded Connections; TCP Active RSC Connections; TCP RSC Coalesced Packets/sec; TCP RSC Exceptions/sec; TCP RSC Average Packet Size 
instances = *
interval = 10
disabled = 1
mode = multikv
useEnglishOnly=true","perfmon://Network_Interface#mode ","","AD/DNS or Base Windows","",5
"perfmon://Network_Interface",useEnglishOnly,true,"[perfmon://Network_Interface]#SEP#object = Network Interface#SEP#counters = Bytes Total/sec; Packets/sec; Packets Received/sec; Packets Sent/sec; Current Bandwidth; Bytes Received/sec; Packets Received Unicast/sec; Packets Received Non-Unicast/sec; Packets Received Discarded; Packets Received Errors; Packets Received Unknown; Bytes Sent/sec; Packets Sent Unicast/sec; Packets Sent Non-Unicast/sec; Packets Outbound Discarded; Packets Outbound Errors; Output Queue Length; Offloaded Connections; TCP Active RSC Connections; TCP RSC Coalesced Packets/sec; TCP RSC Exceptions/sec; TCP RSC Average Packet Size #SEP#instances = *#SEP#interval = 10#SEP#disabled = 1#SEP#mode = multikv#SEP#useEnglishOnly=true",false,0,"perfmon - Performance Counters - Perfmon Inputs from TA-AD/TA-DNS ",perfmon,"Network_Interface","Network Interface
counters = Bytes Total/sec; Packets/sec; Packets Received/sec; Packets Sent/sec; Current Bandwidth; Bytes Received/sec; Packets Received Unicast/sec; Packets Received Non-Unicast/sec; Packets Received Discarded; Packets Received Errors; Packets Received Unknown; Bytes Sent/sec; Packets Sent Unicast/sec; Packets Sent Non-Unicast/sec; Packets Outbound Discarded; Packets Outbound Errors; Output Queue Length; Offloaded Connections; TCP Active RSC Connections; TCP RSC Coalesced Packets/sec; TCP RSC Exceptions/sec; TCP RSC Average Packet Size 
instances = *
interval = 10
disabled = 1
mode = multikv
useEnglishOnly=true","perfmon://Network_Interface#useEnglishOnly","","AD/DNS or Base Windows","",6
"perfmon://Processor","object "," Processor","[perfmon://Processor]#SEP#object = Processor#SEP#counters = % Processor Time; % User Time; % Privileged Time; Interrupts/sec; % DPC Time; % Interrupt Time; DPCs Queued/sec; DPC Rate; % Idle Time; % C1 Time; % C2 Time; % C3 Time; C1 Transitions/sec; C2 Transitions/sec; C3 Transitions/sec#SEP#instances = *#SEP#interval = 10#SEP#disabled = 1#SEP#mode = multikv#SEP#useEnglishOnly=true",false,0,"perfmon - Performance Counters - Perfmon Inputs from TA-AD/TA-DNS ",perfmon,Processor,"Processor
counters = % Processor Time; % User Time; % Privileged Time; Interrupts/sec; % DPC Time; % Interrupt Time; DPCs Queued/sec; DPC Rate; % Idle Time; % C1 Time; % C2 Time; % C3 Time; C1 Transitions/sec; C2 Transitions/sec; C3 Transitions/sec
instances = *
interval = 10
disabled = 1
mode = multikv
useEnglishOnly=true","perfmon://Processor#object ","","AD/DNS or Base Windows","",0
"perfmon://Processor","counters "," % Processor Time; % User Time; % Privileged Time; Interrupts/sec; % DPC Time; % Interrupt Time; DPCs Queued/sec; DPC Rate; % Idle Time; % C1 Time; % C2 Time; % C3 Time; C1 Transitions/sec; C2 Transitions/sec; C3 Transitions/sec","[perfmon://Processor]#SEP#object = Processor#SEP#counters = % Processor Time; % User Time; % Privileged Time; Interrupts/sec; % DPC Time; % Interrupt Time; DPCs Queued/sec; DPC Rate; % Idle Time; % C1 Time; % C2 Time; % C3 Time; C1 Transitions/sec; C2 Transitions/sec; C3 Transitions/sec#SEP#instances = *#SEP#interval = 10#SEP#disabled = 1#SEP#mode = multikv#SEP#useEnglishOnly=true",false,0,"perfmon - Performance Counters - Perfmon Inputs from TA-AD/TA-DNS ",perfmon,Processor,"Processor
counters = % Processor Time; % User Time; % Privileged Time; Interrupts/sec; % DPC Time; % Interrupt Time; DPCs Queued/sec; DPC Rate; % Idle Time; % C1 Time; % C2 Time; % C3 Time; C1 Transitions/sec; C2 Transitions/sec; C3 Transitions/sec
instances = *
interval = 10
disabled = 1
mode = multikv
useEnglishOnly=true","perfmon://Processor#counters ","","AD/DNS or Base Windows","",1
"perfmon://Processor","instances "," *","[perfmon://Processor]#SEP#object = Processor#SEP#counters = % Processor Time; % User Time; % Privileged Time; Interrupts/sec; % DPC Time; % Interrupt Time; DPCs Queued/sec; DPC Rate; % Idle Time; % C1 Time; % C2 Time; % C3 Time; C1 Transitions/sec; C2 Transitions/sec; C3 Transitions/sec#SEP#instances = *#SEP#interval = 10#SEP#disabled = 1#SEP#mode = multikv#SEP#useEnglishOnly=true",false,0,"perfmon - Performance Counters - Perfmon Inputs from TA-AD/TA-DNS ",perfmon,Processor,"Processor
counters = % Processor Time; % User Time; % Privileged Time; Interrupts/sec; % DPC Time; % Interrupt Time; DPCs Queued/sec; DPC Rate; % Idle Time; % C1 Time; % C2 Time; % C3 Time; C1 Transitions/sec; C2 Transitions/sec; C3 Transitions/sec
instances = *
interval = 10
disabled = 1
mode = multikv
useEnglishOnly=true","perfmon://Processor#instances ","","AD/DNS or Base Windows","",2
"perfmon://Processor","interval "," 10","[perfmon://Processor]#SEP#object = Processor#SEP#counters = % Processor Time; % User Time; % Privileged Time; Interrupts/sec; % DPC Time; % Interrupt Time; DPCs Queued/sec; DPC Rate; % Idle Time; % C1 Time; % C2 Time; % C3 Time; C1 Transitions/sec; C2 Transitions/sec; C3 Transitions/sec#SEP#instances = *#SEP#interval = 10#SEP#disabled = 1#SEP#mode = multikv#SEP#useEnglishOnly=true",false,0,"perfmon - Performance Counters - Perfmon Inputs from TA-AD/TA-DNS ",perfmon,Processor,"Processor
counters = % Processor Time; % User Time; % Privileged Time; Interrupts/sec; % DPC Time; % Interrupt Time; DPCs Queued/sec; DPC Rate; % Idle Time; % C1 Time; % C2 Time; % C3 Time; C1 Transitions/sec; C2 Transitions/sec; C3 Transitions/sec
instances = *
interval = 10
disabled = 1
mode = multikv
useEnglishOnly=true","perfmon://Processor#interval ","","AD/DNS or Base Windows","",3
"perfmon://Processor","disabled "," 1","[perfmon://Processor]#SEP#object = Processor#SEP#counters = % Processor Time; % User Time; % Privileged Time; Interrupts/sec; % DPC Time; % Interrupt Time; DPCs Queued/sec; DPC Rate; % Idle Time; % C1 Time; % C2 Time; % C3 Time; C1 Transitions/sec; C2 Transitions/sec; C3 Transitions/sec#SEP#instances = *#SEP#interval = 10#SEP#disabled = 1#SEP#mode = multikv#SEP#useEnglishOnly=true",false,0,"perfmon - Performance Counters - Perfmon Inputs from TA-AD/TA-DNS ",perfmon,Processor,"Processor
counters = % Processor Time; % User Time; % Privileged Time; Interrupts/sec; % DPC Time; % Interrupt Time; DPCs Queued/sec; DPC Rate; % Idle Time; % C1 Time; % C2 Time; % C3 Time; C1 Transitions/sec; C2 Transitions/sec; C3 Transitions/sec
instances = *
interval = 10
disabled = 1
mode = multikv
useEnglishOnly=true","perfmon://Processor#disabled ","","AD/DNS or Base Windows","",4
"perfmon://Processor","mode "," multikv","[perfmon://Processor]#SEP#object = Processor#SEP#counters = % Processor Time; % User Time; % Privileged Time; Interrupts/sec; % DPC Time; % Interrupt Time; DPCs Queued/sec; DPC Rate; % Idle Time; % C1 Time; % C2 Time; % C3 Time; C1 Transitions/sec; C2 Transitions/sec; C3 Transitions/sec#SEP#instances = *#SEP#interval = 10#SEP#disabled = 1#SEP#mode = multikv#SEP#useEnglishOnly=true",false,0,"perfmon - Performance Counters - Perfmon Inputs from TA-AD/TA-DNS ",perfmon,Processor,"Processor
counters = % Processor Time; % User Time; % Privileged Time; Interrupts/sec; % DPC Time; % Interrupt Time; DPCs Queued/sec; DPC Rate; % Idle Time; % C1 Time; % C2 Time; % C3 Time; C1 Transitions/sec; C2 Transitions/sec; C3 Transitions/sec
instances = *
interval = 10
disabled = 1
mode = multikv
useEnglishOnly=true","perfmon://Processor#mode ","","AD/DNS or Base Windows","",5
"perfmon://Processor",useEnglishOnly,true,"[perfmon://Processor]#SEP#object = Processor#SEP#counters = % Processor Time; % User Time; % Privileged Time; Interrupts/sec; % DPC Time; % Interrupt Time; DPCs Queued/sec; DPC Rate; % Idle Time; % C1 Time; % C2 Time; % C3 Time; C1 Transitions/sec; C2 Transitions/sec; C3 Transitions/sec#SEP#instances = *#SEP#interval = 10#SEP#disabled = 1#SEP#mode = multikv#SEP#useEnglishOnly=true",false,0,"perfmon - Performance Counters - Perfmon Inputs from TA-AD/TA-DNS ",perfmon,Processor,"Processor
counters = % Processor Time; % User Time; % Privileged Time; Interrupts/sec; % DPC Time; % Interrupt Time; DPCs Queued/sec; DPC Rate; % Idle Time; % C1 Time; % C2 Time; % C3 Time; C1 Transitions/sec; C2 Transitions/sec; C3 Transitions/sec
instances = *
interval = 10
disabled = 1
mode = multikv
useEnglishOnly=true","perfmon://Processor#useEnglishOnly","","AD/DNS or Base Windows","",6
"perfmon://System","counters "," File Read Operations/sec; File Write Operations/sec; File Control Operations/sec; File Read Bytes/sec; File Write Bytes/sec; File Control Bytes/sec; Context Switches/sec; System Calls/sec; File Data Operations/sec; System Up Time; Processor Queue Length; Processes; Threads; Alignment Fixups/sec; Exception Dispatches/sec; Floating Emulations/sec; % Registry Quota In Use","[perfmon://System]#SEP#counters = File Read Operations/sec; File Write Operations/sec; File Control Operations/sec; File Read Bytes/sec; File Write Bytes/sec; File Control Bytes/sec; Context Switches/sec; System Calls/sec; File Data Operations/sec; System Up Time; Processor Queue Length; Processes; Threads; Alignment Fixups/sec; Exception Dispatches/sec; Floating Emulations/sec; % Registry Quota In Use#SEP#disabled = 1#SEP#instances = *#SEP#interval = 10#SEP#mode = multikv#SEP#object = System#SEP#useEnglishOnly=true",false,0,"perfmon - Performance Counters - System",perfmon,System,"File Read Operations/sec; File Write Operations/sec; File Control Operations/sec; File Read Bytes/sec; File Write Bytes/sec; File Control Bytes/sec; Context Switches/sec; System Calls/sec; File Data Operations/sec; System Up Time; Processor Queue Length; Processes; Threads; Alignment Fixups/sec; Exception Dispatches/sec; Floating Emulations/sec; % Registry Quota In Use
disabled = 1
instances = *
interval = 10
mode = multikv
object = System
useEnglishOnly=true","perfmon://System#counters ","","AD/DNS or Base Windows","",0
"perfmon://System","disabled "," 1","[perfmon://System]#SEP#counters = File Read Operations/sec; File Write Operations/sec; File Control Operations/sec; File Read Bytes/sec; File Write Bytes/sec; File Control Bytes/sec; Context Switches/sec; System Calls/sec; File Data Operations/sec; System Up Time; Processor Queue Length; Processes; Threads; Alignment Fixups/sec; Exception Dispatches/sec; Floating Emulations/sec; % Registry Quota In Use#SEP#disabled = 1#SEP#instances = *#SEP#interval = 10#SEP#mode = multikv#SEP#object = System#SEP#useEnglishOnly=true",false,0,"perfmon - Performance Counters - System",perfmon,System,"File Read Operations/sec; File Write Operations/sec; File Control Operations/sec; File Read Bytes/sec; File Write Bytes/sec; File Control Bytes/sec; Context Switches/sec; System Calls/sec; File Data Operations/sec; System Up Time; Processor Queue Length; Processes; Threads; Alignment Fixups/sec; Exception Dispatches/sec; Floating Emulations/sec; % Registry Quota In Use
disabled = 1
instances = *
interval = 10
mode = multikv
object = System
useEnglishOnly=true","perfmon://System#disabled ","","AD/DNS or Base Windows","",1
"perfmon://System","instances "," *","[perfmon://System]#SEP#counters = File Read Operations/sec; File Write Operations/sec; File Control Operations/sec; File Read Bytes/sec; File Write Bytes/sec; File Control Bytes/sec; Context Switches/sec; System Calls/sec; File Data Operations/sec; System Up Time; Processor Queue Length; Processes; Threads; Alignment Fixups/sec; Exception Dispatches/sec; Floating Emulations/sec; % Registry Quota In Use#SEP#disabled = 1#SEP#instances = *#SEP#interval = 10#SEP#mode = multikv#SEP#object = System#SEP#useEnglishOnly=true",false,0,"perfmon - Performance Counters - System",perfmon,System,"File Read Operations/sec; File Write Operations/sec; File Control Operations/sec; File Read Bytes/sec; File Write Bytes/sec; File Control Bytes/sec; Context Switches/sec; System Calls/sec; File Data Operations/sec; System Up Time; Processor Queue Length; Processes; Threads; Alignment Fixups/sec; Exception Dispatches/sec; Floating Emulations/sec; % Registry Quota In Use
disabled = 1
instances = *
interval = 10
mode = multikv
object = System
useEnglishOnly=true","perfmon://System#instances ","","AD/DNS or Base Windows","",2
"perfmon://System","interval "," 10","[perfmon://System]#SEP#counters = File Read Operations/sec; File Write Operations/sec; File Control Operations/sec; File Read Bytes/sec; File Write Bytes/sec; File Control Bytes/sec; Context Switches/sec; System Calls/sec; File Data Operations/sec; System Up Time; Processor Queue Length; Processes; Threads; Alignment Fixups/sec; Exception Dispatches/sec; Floating Emulations/sec; % Registry Quota In Use#SEP#disabled = 1#SEP#instances = *#SEP#interval = 10#SEP#mode = multikv#SEP#object = System#SEP#useEnglishOnly=true",false,0,"perfmon - Performance Counters - System",perfmon,System,"File Read Operations/sec; File Write Operations/sec; File Control Operations/sec; File Read Bytes/sec; File Write Bytes/sec; File Control Bytes/sec; Context Switches/sec; System Calls/sec; File Data Operations/sec; System Up Time; Processor Queue Length; Processes; Threads; Alignment Fixups/sec; Exception Dispatches/sec; Floating Emulations/sec; % Registry Quota In Use
disabled = 1
instances = *
interval = 10
mode = multikv
object = System
useEnglishOnly=true","perfmon://System#interval ","","AD/DNS or Base Windows","",3
"perfmon://System","mode "," multikv","[perfmon://System]#SEP#counters = File Read Operations/sec; File Write Operations/sec; File Control Operations/sec; File Read Bytes/sec; File Write Bytes/sec; File Control Bytes/sec; Context Switches/sec; System Calls/sec; File Data Operations/sec; System Up Time; Processor Queue Length; Processes; Threads; Alignment Fixups/sec; Exception Dispatches/sec; Floating Emulations/sec; % Registry Quota In Use#SEP#disabled = 1#SEP#instances = *#SEP#interval = 10#SEP#mode = multikv#SEP#object = System#SEP#useEnglishOnly=true",false,0,"perfmon - Performance Counters - System",perfmon,System,"File Read Operations/sec; File Write Operations/sec; File Control Operations/sec; File Read Bytes/sec; File Write Bytes/sec; File Control Bytes/sec; Context Switches/sec; System Calls/sec; File Data Operations/sec; System Up Time; Processor Queue Length; Processes; Threads; Alignment Fixups/sec; Exception Dispatches/sec; Floating Emulations/sec; % Registry Quota In Use
disabled = 1
instances = *
interval = 10
mode = multikv
object = System
useEnglishOnly=true","perfmon://System#mode ","","AD/DNS or Base Windows","",4
"perfmon://System","object "," System","[perfmon://System]#SEP#counters = File Read Operations/sec; File Write Operations/sec; File Control Operations/sec; File Read Bytes/sec; File Write Bytes/sec; File Control Bytes/sec; Context Switches/sec; System Calls/sec; File Data Operations/sec; System Up Time; Processor Queue Length; Processes; Threads; Alignment Fixups/sec; Exception Dispatches/sec; Floating Emulations/sec; % Registry Quota In Use#SEP#disabled = 1#SEP#instances = *#SEP#interval = 10#SEP#mode = multikv#SEP#object = System#SEP#useEnglishOnly=true",false,0,"perfmon - Performance Counters - System",perfmon,System,"File Read Operations/sec; File Write Operations/sec; File Control Operations/sec; File Read Bytes/sec; File Write Bytes/sec; File Control Bytes/sec; Context Switches/sec; System Calls/sec; File Data Operations/sec; System Up Time; Processor Queue Length; Processes; Threads; Alignment Fixups/sec; Exception Dispatches/sec; Floating Emulations/sec; % Registry Quota In Use
disabled = 1
instances = *
interval = 10
mode = multikv
object = System
useEnglishOnly=true","perfmon://System#object ","","AD/DNS or Base Windows","",5
"perfmon://System",useEnglishOnly,true,"[perfmon://System]#SEP#counters = File Read Operations/sec; File Write Operations/sec; File Control Operations/sec; File Read Bytes/sec; File Write Bytes/sec; File Control Bytes/sec; Context Switches/sec; System Calls/sec; File Data Operations/sec; System Up Time; Processor Queue Length; Processes; Threads; Alignment Fixups/sec; Exception Dispatches/sec; Floating Emulations/sec; % Registry Quota In Use#SEP#disabled = 1#SEP#instances = *#SEP#interval = 10#SEP#mode = multikv#SEP#object = System#SEP#useEnglishOnly=true",false,0,"perfmon - Performance Counters - System",perfmon,System,"File Read Operations/sec; File Write Operations/sec; File Control Operations/sec; File Read Bytes/sec; File Write Bytes/sec; File Control Bytes/sec; Context Switches/sec; System Calls/sec; File Data Operations/sec; System Up Time; Processor Queue Length; Processes; Threads; Alignment Fixups/sec; Exception Dispatches/sec; Floating Emulations/sec; % Registry Quota In Use
disabled = 1
instances = *
interval = 10
mode = multikv
object = System
useEnglishOnly=true","perfmon://System#useEnglishOnly","","AD/DNS or Base Windows","",6
"perfmon://ProcessorInformation","counters "," % Processor Time; Processor Frequency","[perfmon://ProcessorInformation]#SEP#counters = % Processor Time; Processor Frequency#SEP#disabled = 1#SEP#instances = *#SEP#interval = 10#SEP#mode = multikv#SEP#object = Processor Information#SEP#useEnglishOnly=true",false,0,"perfmon - Performance Counters - ProcessInformation",perfmon,ProcessorInformation,"% Processor Time; Processor Frequency
disabled = 1
instances = *
interval = 10
mode = multikv
object = Processor Information
useEnglishOnly=true","perfmon://ProcessorInformation#counters ","","AD/DNS or Base Windows","",0
"perfmon://ProcessorInformation","disabled "," 1","[perfmon://ProcessorInformation]#SEP#counters = % Processor Time; Processor Frequency#SEP#disabled = 1#SEP#instances = *#SEP#interval = 10#SEP#mode = multikv#SEP#object = Processor Information#SEP#useEnglishOnly=true",false,0,"perfmon - Performance Counters - ProcessInformation",perfmon,ProcessorInformation,"% Processor Time; Processor Frequency
disabled = 1
instances = *
interval = 10
mode = multikv
object = Processor Information
useEnglishOnly=true","perfmon://ProcessorInformation#disabled ","","AD/DNS or Base Windows","",1
"perfmon://ProcessorInformation","instances "," *","[perfmon://ProcessorInformation]#SEP#counters = % Processor Time; Processor Frequency#SEP#disabled = 1#SEP#instances = *#SEP#interval = 10#SEP#mode = multikv#SEP#object = Processor Information#SEP#useEnglishOnly=true",false,0,"perfmon - Performance Counters - ProcessInformation",perfmon,ProcessorInformation,"% Processor Time; Processor Frequency
disabled = 1
instances = *
interval = 10
mode = multikv
object = Processor Information
useEnglishOnly=true","perfmon://ProcessorInformation#instances ","","AD/DNS or Base Windows","",2
"perfmon://ProcessorInformation","interval "," 10","[perfmon://ProcessorInformation]#SEP#counters = % Processor Time; Processor Frequency#SEP#disabled = 1#SEP#instances = *#SEP#interval = 10#SEP#mode = multikv#SEP#object = Processor Information#SEP#useEnglishOnly=true",false,0,"perfmon - Performance Counters - ProcessInformation",perfmon,ProcessorInformation,"% Processor Time; Processor Frequency
disabled = 1
instances = *
interval = 10
mode = multikv
object = Processor Information
useEnglishOnly=true","perfmon://ProcessorInformation#interval ","","AD/DNS or Base Windows","",3
"perfmon://ProcessorInformation","mode "," multikv","[perfmon://ProcessorInformation]#SEP#counters = % Processor Time; Processor Frequency#SEP#disabled = 1#SEP#instances = *#SEP#interval = 10#SEP#mode = multikv#SEP#object = Processor Information#SEP#useEnglishOnly=true",false,0,"perfmon - Performance Counters - ProcessInformation",perfmon,ProcessorInformation,"% Processor Time; Processor Frequency
disabled = 1
instances = *
interval = 10
mode = multikv
object = Processor Information
useEnglishOnly=true","perfmon://ProcessorInformation#mode ","","AD/DNS or Base Windows","",4
"perfmon://ProcessorInformation","object "," Processor Information","[perfmon://ProcessorInformation]#SEP#counters = % Processor Time; Processor Frequency#SEP#disabled = 1#SEP#instances = *#SEP#interval = 10#SEP#mode = multikv#SEP#object = Processor Information#SEP#useEnglishOnly=true",false,0,"perfmon - Performance Counters - ProcessInformation",perfmon,ProcessorInformation,"% Processor Time; Processor Frequency
disabled = 1
instances = *
interval = 10
mode = multikv
object = Processor Information
useEnglishOnly=true","perfmon://ProcessorInformation#object ","","AD/DNS or Base Windows","",5
"perfmon://ProcessorInformation",useEnglishOnly,true,"[perfmon://ProcessorInformation]#SEP#counters = % Processor Time; Processor Frequency#SEP#disabled = 1#SEP#instances = *#SEP#interval = 10#SEP#mode = multikv#SEP#object = Processor Information#SEP#useEnglishOnly=true",false,0,"perfmon - Performance Counters - ProcessInformation",perfmon,ProcessorInformation,"% Processor Time; Processor Frequency
disabled = 1
instances = *
interval = 10
mode = multikv
object = Processor Information
useEnglishOnly=true","perfmon://ProcessorInformation#useEnglishOnly","","AD/DNS or Base Windows","",6
"perfmon://Process","counters "," % Processor Time; % User Time; % Privileged Time; Virtual Bytes Peak; Virtual Bytes; Page Faults/sec; Working Set Peak; Working Set; Page File Bytes Peak; Page File Bytes; Private Bytes; Thread Count; Priority Base; Elapsed Time; ID Process; Creating Process ID; Pool Paged Bytes; Pool Nonpaged Bytes; Handle Count; IO Read Operations/sec; IO Write Operations/sec; IO Data Operations/sec; IO Other Operations/sec; IO Read Bytes/sec; IO Write Bytes/sec; IO Data Bytes/sec; IO Other Bytes/sec; Working Set - Private","[perfmon://Process]#SEP#counters = % Processor Time; % User Time; % Privileged Time; Virtual Bytes Peak; Virtual Bytes; Page Faults/sec; Working Set Peak; Working Set; Page File Bytes Peak; Page File Bytes; Private Bytes; Thread Count; Priority Base; Elapsed Time; ID Process; Creating Process ID; Pool Paged Bytes; Pool Nonpaged Bytes; Handle Count; IO Read Operations/sec; IO Write Operations/sec; IO Data Operations/sec; IO Other Operations/sec; IO Read Bytes/sec; IO Write Bytes/sec; IO Data Bytes/sec; IO Other Bytes/sec; Working Set - Private#SEP#disabled = 1#SEP#instances = *#SEP#interval = 10#SEP#mode = multikv#SEP#object = Process#SEP#useEnglishOnly=true",false,0,"perfmon - Performance Counters - Process",perfmon,Process,"% Processor Time; % User Time; % Privileged Time; Virtual Bytes Peak; Virtual Bytes; Page Faults/sec; Working Set Peak; Working Set; Page File Bytes Peak; Page File Bytes; Private Bytes; Thread Count; Priority Base; Elapsed Time; ID Process; Creating Process ID; Pool Paged Bytes; Pool Nonpaged Bytes; Handle Count; IO Read Operations/sec; IO Write Operations/sec; IO Data Operations/sec; IO Other Operations/sec; IO Read Bytes/sec; IO Write Bytes/sec; IO Data Bytes/sec; IO Other Bytes/sec; Working Set - Private
disabled = 1
instances = *
interval = 10
mode = multikv
object = Process
useEnglishOnly=true","perfmon://Process#counters ","","AD/DNS or Base Windows","",0
"perfmon://Process","disabled "," 1","[perfmon://Process]#SEP#counters = % Processor Time; % User Time; % Privileged Time; Virtual Bytes Peak; Virtual Bytes; Page Faults/sec; Working Set Peak; Working Set; Page File Bytes Peak; Page File Bytes; Private Bytes; Thread Count; Priority Base; Elapsed Time; ID Process; Creating Process ID; Pool Paged Bytes; Pool Nonpaged Bytes; Handle Count; IO Read Operations/sec; IO Write Operations/sec; IO Data Operations/sec; IO Other Operations/sec; IO Read Bytes/sec; IO Write Bytes/sec; IO Data Bytes/sec; IO Other Bytes/sec; Working Set - Private#SEP#disabled = 1#SEP#instances = *#SEP#interval = 10#SEP#mode = multikv#SEP#object = Process#SEP#useEnglishOnly=true",false,0,"perfmon - Performance Counters - Process",perfmon,Process,"% Processor Time; % User Time; % Privileged Time; Virtual Bytes Peak; Virtual Bytes; Page Faults/sec; Working Set Peak; Working Set; Page File Bytes Peak; Page File Bytes; Private Bytes; Thread Count; Priority Base; Elapsed Time; ID Process; Creating Process ID; Pool Paged Bytes; Pool Nonpaged Bytes; Handle Count; IO Read Operations/sec; IO Write Operations/sec; IO Data Operations/sec; IO Other Operations/sec; IO Read Bytes/sec; IO Write Bytes/sec; IO Data Bytes/sec; IO Other Bytes/sec; Working Set - Private
disabled = 1
instances = *
interval = 10
mode = multikv
object = Process
useEnglishOnly=true","perfmon://Process#disabled ","","AD/DNS or Base Windows","",1
"perfmon://Process","instances "," *","[perfmon://Process]#SEP#counters = % Processor Time; % User Time; % Privileged Time; Virtual Bytes Peak; Virtual Bytes; Page Faults/sec; Working Set Peak; Working Set; Page File Bytes Peak; Page File Bytes; Private Bytes; Thread Count; Priority Base; Elapsed Time; ID Process; Creating Process ID; Pool Paged Bytes; Pool Nonpaged Bytes; Handle Count; IO Read Operations/sec; IO Write Operations/sec; IO Data Operations/sec; IO Other Operations/sec; IO Read Bytes/sec; IO Write Bytes/sec; IO Data Bytes/sec; IO Other Bytes/sec; Working Set - Private#SEP#disabled = 1#SEP#instances = *#SEP#interval = 10#SEP#mode = multikv#SEP#object = Process#SEP#useEnglishOnly=true",false,0,"perfmon - Performance Counters - Process",perfmon,Process,"% Processor Time; % User Time; % Privileged Time; Virtual Bytes Peak; Virtual Bytes; Page Faults/sec; Working Set Peak; Working Set; Page File Bytes Peak; Page File Bytes; Private Bytes; Thread Count; Priority Base; Elapsed Time; ID Process; Creating Process ID; Pool Paged Bytes; Pool Nonpaged Bytes; Handle Count; IO Read Operations/sec; IO Write Operations/sec; IO Data Operations/sec; IO Other Operations/sec; IO Read Bytes/sec; IO Write Bytes/sec; IO Data Bytes/sec; IO Other Bytes/sec; Working Set - Private
disabled = 1
instances = *
interval = 10
mode = multikv
object = Process
useEnglishOnly=true","perfmon://Process#instances ","","AD/DNS or Base Windows","",2
"perfmon://Process","interval "," 10","[perfmon://Process]#SEP#counters = % Processor Time; % User Time; % Privileged Time; Virtual Bytes Peak; Virtual Bytes; Page Faults/sec; Working Set Peak; Working Set; Page File Bytes Peak; Page File Bytes; Private Bytes; Thread Count; Priority Base; Elapsed Time; ID Process; Creating Process ID; Pool Paged Bytes; Pool Nonpaged Bytes; Handle Count; IO Read Operations/sec; IO Write Operations/sec; IO Data Operations/sec; IO Other Operations/sec; IO Read Bytes/sec; IO Write Bytes/sec; IO Data Bytes/sec; IO Other Bytes/sec; Working Set - Private#SEP#disabled = 1#SEP#instances = *#SEP#interval = 10#SEP#mode = multikv#SEP#object = Process#SEP#useEnglishOnly=true",false,0,"perfmon - Performance Counters - Process",perfmon,Process,"% Processor Time; % User Time; % Privileged Time; Virtual Bytes Peak; Virtual Bytes; Page Faults/sec; Working Set Peak; Working Set; Page File Bytes Peak; Page File Bytes; Private Bytes; Thread Count; Priority Base; Elapsed Time; ID Process; Creating Process ID; Pool Paged Bytes; Pool Nonpaged Bytes; Handle Count; IO Read Operations/sec; IO Write Operations/sec; IO Data Operations/sec; IO Other Operations/sec; IO Read Bytes/sec; IO Write Bytes/sec; IO Data Bytes/sec; IO Other Bytes/sec; Working Set - Private
disabled = 1
instances = *
interval = 10
mode = multikv
object = Process
useEnglishOnly=true","perfmon://Process#interval ","","AD/DNS or Base Windows","",3
"perfmon://Process","mode "," multikv","[perfmon://Process]#SEP#counters = % Processor Time; % User Time; % Privileged Time; Virtual Bytes Peak; Virtual Bytes; Page Faults/sec; Working Set Peak; Working Set; Page File Bytes Peak; Page File Bytes; Private Bytes; Thread Count; Priority Base; Elapsed Time; ID Process; Creating Process ID; Pool Paged Bytes; Pool Nonpaged Bytes; Handle Count; IO Read Operations/sec; IO Write Operations/sec; IO Data Operations/sec; IO Other Operations/sec; IO Read Bytes/sec; IO Write Bytes/sec; IO Data Bytes/sec; IO Other Bytes/sec; Working Set - Private#SEP#disabled = 1#SEP#instances = *#SEP#interval = 10#SEP#mode = multikv#SEP#object = Process#SEP#useEnglishOnly=true",false,0,"perfmon - Performance Counters - Process",perfmon,Process,"% Processor Time; % User Time; % Privileged Time; Virtual Bytes Peak; Virtual Bytes; Page Faults/sec; Working Set Peak; Working Set; Page File Bytes Peak; Page File Bytes; Private Bytes; Thread Count; Priority Base; Elapsed Time; ID Process; Creating Process ID; Pool Paged Bytes; Pool Nonpaged Bytes; Handle Count; IO Read Operations/sec; IO Write Operations/sec; IO Data Operations/sec; IO Other Operations/sec; IO Read Bytes/sec; IO Write Bytes/sec; IO Data Bytes/sec; IO Other Bytes/sec; Working Set - Private
disabled = 1
instances = *
interval = 10
mode = multikv
object = Process
useEnglishOnly=true","perfmon://Process#mode ","","AD/DNS or Base Windows","",4
"perfmon://Process","object "," Process","[perfmon://Process]#SEP#counters = % Processor Time; % User Time; % Privileged Time; Virtual Bytes Peak; Virtual Bytes; Page Faults/sec; Working Set Peak; Working Set; Page File Bytes Peak; Page File Bytes; Private Bytes; Thread Count; Priority Base; Elapsed Time; ID Process; Creating Process ID; Pool Paged Bytes; Pool Nonpaged Bytes; Handle Count; IO Read Operations/sec; IO Write Operations/sec; IO Data Operations/sec; IO Other Operations/sec; IO Read Bytes/sec; IO Write Bytes/sec; IO Data Bytes/sec; IO Other Bytes/sec; Working Set - Private#SEP#disabled = 1#SEP#instances = *#SEP#interval = 10#SEP#mode = multikv#SEP#object = Process#SEP#useEnglishOnly=true",false,0,"perfmon - Performance Counters - Process",perfmon,Process,"% Processor Time; % User Time; % Privileged Time; Virtual Bytes Peak; Virtual Bytes; Page Faults/sec; Working Set Peak; Working Set; Page File Bytes Peak; Page File Bytes; Private Bytes; Thread Count; Priority Base; Elapsed Time; ID Process; Creating Process ID; Pool Paged Bytes; Pool Nonpaged Bytes; Handle Count; IO Read Operations/sec; IO Write Operations/sec; IO Data Operations/sec; IO Other Operations/sec; IO Read Bytes/sec; IO Write Bytes/sec; IO Data Bytes/sec; IO Other Bytes/sec; Working Set - Private
disabled = 1
instances = *
interval = 10
mode = multikv
object = Process
useEnglishOnly=true","perfmon://Process#object ","","AD/DNS or Base Windows","",5
"perfmon://Process",useEnglishOnly,true,"[perfmon://Process]#SEP#counters = % Processor Time; % User Time; % Privileged Time; Virtual Bytes Peak; Virtual Bytes; Page Faults/sec; Working Set Peak; Working Set; Page File Bytes Peak; Page File Bytes; Private Bytes; Thread Count; Priority Base; Elapsed Time; ID Process; Creating Process ID; Pool Paged Bytes; Pool Nonpaged Bytes; Handle Count; IO Read Operations/sec; IO Write Operations/sec; IO Data Operations/sec; IO Other Operations/sec; IO Read Bytes/sec; IO Write Bytes/sec; IO Data Bytes/sec; IO Other Bytes/sec; Working Set - Private#SEP#disabled = 1#SEP#instances = *#SEP#interval = 10#SEP#mode = multikv#SEP#object = Process#SEP#useEnglishOnly=true",false,0,"perfmon - Performance Counters - Process",perfmon,Process,"% Processor Time; % User Time; % Privileged Time; Virtual Bytes Peak; Virtual Bytes; Page Faults/sec; Working Set Peak; Working Set; Page File Bytes Peak; Page File Bytes; Private Bytes; Thread Count; Priority Base; Elapsed Time; ID Process; Creating Process ID; Pool Paged Bytes; Pool Nonpaged Bytes; Handle Count; IO Read Operations/sec; IO Write Operations/sec; IO Data Operations/sec; IO Other Operations/sec; IO Read Bytes/sec; IO Write Bytes/sec; IO Data Bytes/sec; IO Other Bytes/sec; Working Set - Private
disabled = 1
instances = *
interval = 10
mode = multikv
object = Process
useEnglishOnly=true","perfmon://Process#useEnglishOnly","","AD/DNS or Base Windows","",6
"perfmon://Network","counters "," Bytes Total/sec; Packets/sec; Packets Received/sec; Packets Sent/sec; Current Bandwidth; Bytes Received/sec; Packets Received Unicast/sec; Packets Received Non-Unicast/sec; Packets Received Discarded; Packets Received Errors; Packets Received Unknown; Bytes Sent/sec; Packets Sent Unicast/sec; Packets Sent Non-Unicast/sec; Packets Outbound Discarded; Packets Outbound Errors; Output Queue Length; Offloaded Connections; TCP Active RSC Connections; TCP RSC Coalesced Packets/sec; TCP RSC Exceptions/sec; TCP RSC Average Packet Size  ","[perfmon://Network]#SEP#counters = Bytes Total/sec; Packets/sec; Packets Received/sec; Packets Sent/sec; Current Bandwidth; Bytes Received/sec; Packets Received Unicast/sec; Packets Received Non-Unicast/sec; Packets Received Discarded; Packets Received Errors; Packets Received Unknown; Bytes Sent/sec; Packets Sent Unicast/sec; Packets Sent Non-Unicast/sec; Packets Outbound Discarded; Packets Outbound Errors; Output Queue Length; Offloaded Connections; TCP Active RSC Connections; TCP RSC Coalesced Packets/sec; TCP RSC Exceptions/sec; TCP RSC Average Packet Size  #SEP#disabled = 1#SEP#instances = *#SEP#interval = 10#SEP#mode = multikv#SEP#object = Network Interface#SEP#useEnglishOnly=true",false,0,"perfmon - Performance Counters - Network",perfmon,Network,"Bytes Total/sec; Packets/sec; Packets Received/sec; Packets Sent/sec; Current Bandwidth; Bytes Received/sec; Packets Received Unicast/sec; Packets Received Non-Unicast/sec; Packets Received Discarded; Packets Received Errors; Packets Received Unknown; Bytes Sent/sec; Packets Sent Unicast/sec; Packets Sent Non-Unicast/sec; Packets Outbound Discarded; Packets Outbound Errors; Output Queue Length; Offloaded Connections; TCP Active RSC Connections; TCP RSC Coalesced Packets/sec; TCP RSC Exceptions/sec; TCP RSC Average Packet Size  
disabled = 1
instances = *
interval = 10
mode = multikv
object = Network Interface
useEnglishOnly=true","perfmon://Network#counters ","","AD/DNS or Base Windows","",0
"perfmon://Network","disabled "," 1","[perfmon://Network]#SEP#counters = Bytes Total/sec; Packets/sec; Packets Received/sec; Packets Sent/sec; Current Bandwidth; Bytes Received/sec; Packets Received Unicast/sec; Packets Received Non-Unicast/sec; Packets Received Discarded; Packets Received Errors; Packets Received Unknown; Bytes Sent/sec; Packets Sent Unicast/sec; Packets Sent Non-Unicast/sec; Packets Outbound Discarded; Packets Outbound Errors; Output Queue Length; Offloaded Connections; TCP Active RSC Connections; TCP RSC Coalesced Packets/sec; TCP RSC Exceptions/sec; TCP RSC Average Packet Size  #SEP#disabled = 1#SEP#instances = *#SEP#interval = 10#SEP#mode = multikv#SEP#object = Network Interface#SEP#useEnglishOnly=true",false,0,"perfmon - Performance Counters - Network",perfmon,Network,"Bytes Total/sec; Packets/sec; Packets Received/sec; Packets Sent/sec; Current Bandwidth; Bytes Received/sec; Packets Received Unicast/sec; Packets Received Non-Unicast/sec; Packets Received Discarded; Packets Received Errors; Packets Received Unknown; Bytes Sent/sec; Packets Sent Unicast/sec; Packets Sent Non-Unicast/sec; Packets Outbound Discarded; Packets Outbound Errors; Output Queue Length; Offloaded Connections; TCP Active RSC Connections; TCP RSC Coalesced Packets/sec; TCP RSC Exceptions/sec; TCP RSC Average Packet Size  
disabled = 1
instances = *
interval = 10
mode = multikv
object = Network Interface
useEnglishOnly=true","perfmon://Network#disabled ","","AD/DNS or Base Windows","",1
"perfmon://Network","instances "," *","[perfmon://Network]#SEP#counters = Bytes Total/sec; Packets/sec; Packets Received/sec; Packets Sent/sec; Current Bandwidth; Bytes Received/sec; Packets Received Unicast/sec; Packets Received Non-Unicast/sec; Packets Received Discarded; Packets Received Errors; Packets Received Unknown; Bytes Sent/sec; Packets Sent Unicast/sec; Packets Sent Non-Unicast/sec; Packets Outbound Discarded; Packets Outbound Errors; Output Queue Length; Offloaded Connections; TCP Active RSC Connections; TCP RSC Coalesced Packets/sec; TCP RSC Exceptions/sec; TCP RSC Average Packet Size  #SEP#disabled = 1#SEP#instances = *#SEP#interval = 10#SEP#mode = multikv#SEP#object = Network Interface#SEP#useEnglishOnly=true",false,0,"perfmon - Performance Counters - Network",perfmon,Network,"Bytes Total/sec; Packets/sec; Packets Received/sec; Packets Sent/sec; Current Bandwidth; Bytes Received/sec; Packets Received Unicast/sec; Packets Received Non-Unicast/sec; Packets Received Discarded; Packets Received Errors; Packets Received Unknown; Bytes Sent/sec; Packets Sent Unicast/sec; Packets Sent Non-Unicast/sec; Packets Outbound Discarded; Packets Outbound Errors; Output Queue Length; Offloaded Connections; TCP Active RSC Connections; TCP RSC Coalesced Packets/sec; TCP RSC Exceptions/sec; TCP RSC Average Packet Size  
disabled = 1
instances = *
interval = 10
mode = multikv
object = Network Interface
useEnglishOnly=true","perfmon://Network#instances ","","AD/DNS or Base Windows","",2
"perfmon://Network","interval "," 10","[perfmon://Network]#SEP#counters = Bytes Total/sec; Packets/sec; Packets Received/sec; Packets Sent/sec; Current Bandwidth; Bytes Received/sec; Packets Received Unicast/sec; Packets Received Non-Unicast/sec; Packets Received Discarded; Packets Received Errors; Packets Received Unknown; Bytes Sent/sec; Packets Sent Unicast/sec; Packets Sent Non-Unicast/sec; Packets Outbound Discarded; Packets Outbound Errors; Output Queue Length; Offloaded Connections; TCP Active RSC Connections; TCP RSC Coalesced Packets/sec; TCP RSC Exceptions/sec; TCP RSC Average Packet Size  #SEP#disabled = 1#SEP#instances = *#SEP#interval = 10#SEP#mode = multikv#SEP#object = Network Interface#SEP#useEnglishOnly=true",false,0,"perfmon - Performance Counters - Network",perfmon,Network,"Bytes Total/sec; Packets/sec; Packets Received/sec; Packets Sent/sec; Current Bandwidth; Bytes Received/sec; Packets Received Unicast/sec; Packets Received Non-Unicast/sec; Packets Received Discarded; Packets Received Errors; Packets Received Unknown; Bytes Sent/sec; Packets Sent Unicast/sec; Packets Sent Non-Unicast/sec; Packets Outbound Discarded; Packets Outbound Errors; Output Queue Length; Offloaded Connections; TCP Active RSC Connections; TCP RSC Coalesced Packets/sec; TCP RSC Exceptions/sec; TCP RSC Average Packet Size  
disabled = 1
instances = *
interval = 10
mode = multikv
object = Network Interface
useEnglishOnly=true","perfmon://Network#interval ","","AD/DNS or Base Windows","",3
"perfmon://Network","mode "," multikv","[perfmon://Network]#SEP#counters = Bytes Total/sec; Packets/sec; Packets Received/sec; Packets Sent/sec; Current Bandwidth; Bytes Received/sec; Packets Received Unicast/sec; Packets Received Non-Unicast/sec; Packets Received Discarded; Packets Received Errors; Packets Received Unknown; Bytes Sent/sec; Packets Sent Unicast/sec; Packets Sent Non-Unicast/sec; Packets Outbound Discarded; Packets Outbound Errors; Output Queue Length; Offloaded Connections; TCP Active RSC Connections; TCP RSC Coalesced Packets/sec; TCP RSC Exceptions/sec; TCP RSC Average Packet Size  #SEP#disabled = 1#SEP#instances = *#SEP#interval = 10#SEP#mode = multikv#SEP#object = Network Interface#SEP#useEnglishOnly=true",false,0,"perfmon - Performance Counters - Network",perfmon,Network,"Bytes Total/sec; Packets/sec; Packets Received/sec; Packets Sent/sec; Current Bandwidth; Bytes Received/sec; Packets Received Unicast/sec; Packets Received Non-Unicast/sec; Packets Received Discarded; Packets Received Errors; Packets Received Unknown; Bytes Sent/sec; Packets Sent Unicast/sec; Packets Sent Non-Unicast/sec; Packets Outbound Discarded; Packets Outbound Errors; Output Queue Length; Offloaded Connections; TCP Active RSC Connections; TCP RSC Coalesced Packets/sec; TCP RSC Exceptions/sec; TCP RSC Average Packet Size  
disabled = 1
instances = *
interval = 10
mode = multikv
object = Network Interface
useEnglishOnly=true","perfmon://Network#mode ","","AD/DNS or Base Windows","",4
"perfmon://Network","object "," Network Interface","[perfmon://Network]#SEP#counters = Bytes Total/sec; Packets/sec; Packets Received/sec; Packets Sent/sec; Current Bandwidth; Bytes Received/sec; Packets Received Unicast/sec; Packets Received Non-Unicast/sec; Packets Received Discarded; Packets Received Errors; Packets Received Unknown; Bytes Sent/sec; Packets Sent Unicast/sec; Packets Sent Non-Unicast/sec; Packets Outbound Discarded; Packets Outbound Errors; Output Queue Length; Offloaded Connections; TCP Active RSC Connections; TCP RSC Coalesced Packets/sec; TCP RSC Exceptions/sec; TCP RSC Average Packet Size  #SEP#disabled = 1#SEP#instances = *#SEP#interval = 10#SEP#mode = multikv#SEP#object = Network Interface#SEP#useEnglishOnly=true",false,0,"perfmon - Performance Counters - Network",perfmon,Network,"Bytes Total/sec; Packets/sec; Packets Received/sec; Packets Sent/sec; Current Bandwidth; Bytes Received/sec; Packets Received Unicast/sec; Packets Received Non-Unicast/sec; Packets Received Discarded; Packets Received Errors; Packets Received Unknown; Bytes Sent/sec; Packets Sent Unicast/sec; Packets Sent Non-Unicast/sec; Packets Outbound Discarded; Packets Outbound Errors; Output Queue Length; Offloaded Connections; TCP Active RSC Connections; TCP RSC Coalesced Packets/sec; TCP RSC Exceptions/sec; TCP RSC Average Packet Size  
disabled = 1
instances = *
interval = 10
mode = multikv
object = Network Interface
useEnglishOnly=true","perfmon://Network#object ","","AD/DNS or Base Windows","",5
"perfmon://Network",useEnglishOnly,true,"[perfmon://Network]#SEP#counters = Bytes Total/sec; Packets/sec; Packets Received/sec; Packets Sent/sec; Current Bandwidth; Bytes Received/sec; Packets Received Unicast/sec; Packets Received Non-Unicast/sec; Packets Received Discarded; Packets Received Errors; Packets Received Unknown; Bytes Sent/sec; Packets Sent Unicast/sec; Packets Sent Non-Unicast/sec; Packets Outbound Discarded; Packets Outbound Errors; Output Queue Length; Offloaded Connections; TCP Active RSC Connections; TCP RSC Coalesced Packets/sec; TCP RSC Exceptions/sec; TCP RSC Average Packet Size  #SEP#disabled = 1#SEP#instances = *#SEP#interval = 10#SEP#mode = multikv#SEP#object = Network Interface#SEP#useEnglishOnly=true",false,0,"perfmon - Performance Counters - Network",perfmon,Network,"Bytes Total/sec; Packets/sec; Packets Received/sec; Packets Sent/sec; Current Bandwidth; Bytes Received/sec; Packets Received Unicast/sec; Packets Received Non-Unicast/sec; Packets Received Discarded; Packets Received Errors; Packets Received Unknown; Bytes Sent/sec; Packets Sent Unicast/sec; Packets Sent Non-Unicast/sec; Packets Outbound Discarded; Packets Outbound Errors; Output Queue Length; Offloaded Connections; TCP Active RSC Connections; TCP RSC Coalesced Packets/sec; TCP RSC Exceptions/sec; TCP RSC Average Packet Size  
disabled = 1
instances = *
interval = 10
mode = multikv
object = Network Interface
useEnglishOnly=true","perfmon://Network#useEnglishOnly","","AD/DNS or Base Windows","",6
"perfmon://Memory","counters "," Page Faults/sec; Available Bytes; Committed Bytes; Commit Limit; Write Copies/sec; Transition Faults/sec; Cache Faults/sec; Demand Zero Faults/sec; Pages/sec; Pages Input/sec; Page Reads/sec; Pages Output/sec; Pool Paged Bytes; Pool Nonpaged Bytes; Page Writes/sec; Pool Paged Allocs; Pool Nonpaged Allocs; Free System Page Table Entries; Cache Bytes; Cache Bytes Peak; Pool Paged Resident Bytes; System Code Total Bytes; System Code Resident Bytes; System Driver Total Bytes; System Driver Resident Bytes; System Cache Resident Bytes; % Committed Bytes In Use; Available KBytes; Available MBytes; Transition Pages RePurposed/sec; Free & Zero Page List Bytes; Modified Page List Bytes; Standby Cache Reserve Bytes; Standby Cache Normal Priority Bytes; Standby Cache Core Bytes; Long-Term Average Standby Cache Lifetime (s)","[perfmon://Memory]#SEP#counters = Page Faults/sec; Available Bytes; Committed Bytes; Commit Limit; Write Copies/sec; Transition Faults/sec; Cache Faults/sec; Demand Zero Faults/sec; Pages/sec; Pages Input/sec; Page Reads/sec; Pages Output/sec; Pool Paged Bytes; Pool Nonpaged Bytes; Page Writes/sec; Pool Paged Allocs; Pool Nonpaged Allocs; Free System Page Table Entries; Cache Bytes; Cache Bytes Peak; Pool Paged Resident Bytes; System Code Total Bytes; System Code Resident Bytes; System Driver Total Bytes; System Driver Resident Bytes; System Cache Resident Bytes; % Committed Bytes In Use; Available KBytes; Available MBytes; Transition Pages RePurposed/sec; Free & Zero Page List Bytes; Modified Page List Bytes; Standby Cache Reserve Bytes; Standby Cache Normal Priority Bytes; Standby Cache Core Bytes; Long-Term Average Standby Cache Lifetime (s)#SEP#disabled = 1#SEP#interval = 10#SEP#mode = multikv#SEP#object = Memory#SEP#useEnglishOnly=true",false,0,"perfmon - Performance Counters - Memory",perfmon,Memory,"Page Faults/sec; Available Bytes; Committed Bytes; Commit Limit; Write Copies/sec; Transition Faults/sec; Cache Faults/sec; Demand Zero Faults/sec; Pages/sec; Pages Input/sec; Page Reads/sec; Pages Output/sec; Pool Paged Bytes; Pool Nonpaged Bytes; Page Writes/sec; Pool Paged Allocs; Pool Nonpaged Allocs; Free System Page Table Entries; Cache Bytes; Cache Bytes Peak; Pool Paged Resident Bytes; System Code Total Bytes; System Code Resident Bytes; System Driver Total Bytes; System Driver Resident Bytes; System Cache Resident Bytes; % Committed Bytes In Use; Available KBytes; Available MBytes; Transition Pages RePurposed/sec; Free & Zero Page List Bytes; Modified Page List Bytes; Standby Cache Reserve Bytes; Standby Cache Normal Priority Bytes; Standby Cache Core Bytes; Long-Term Average Standby Cache Lifetime (s)
disabled = 1
interval = 10
mode = multikv
object = Memory
useEnglishOnly=true","perfmon://Memory#counters ","","AD/DNS or Base Windows","",0
"perfmon://Memory","disabled "," 1","[perfmon://Memory]#SEP#counters = Page Faults/sec; Available Bytes; Committed Bytes; Commit Limit; Write Copies/sec; Transition Faults/sec; Cache Faults/sec; Demand Zero Faults/sec; Pages/sec; Pages Input/sec; Page Reads/sec; Pages Output/sec; Pool Paged Bytes; Pool Nonpaged Bytes; Page Writes/sec; Pool Paged Allocs; Pool Nonpaged Allocs; Free System Page Table Entries; Cache Bytes; Cache Bytes Peak; Pool Paged Resident Bytes; System Code Total Bytes; System Code Resident Bytes; System Driver Total Bytes; System Driver Resident Bytes; System Cache Resident Bytes; % Committed Bytes In Use; Available KBytes; Available MBytes; Transition Pages RePurposed/sec; Free & Zero Page List Bytes; Modified Page List Bytes; Standby Cache Reserve Bytes; Standby Cache Normal Priority Bytes; Standby Cache Core Bytes; Long-Term Average Standby Cache Lifetime (s)#SEP#disabled = 1#SEP#interval = 10#SEP#mode = multikv#SEP#object = Memory#SEP#useEnglishOnly=true",false,0,"perfmon - Performance Counters - Memory",perfmon,Memory,"Page Faults/sec; Available Bytes; Committed Bytes; Commit Limit; Write Copies/sec; Transition Faults/sec; Cache Faults/sec; Demand Zero Faults/sec; Pages/sec; Pages Input/sec; Page Reads/sec; Pages Output/sec; Pool Paged Bytes; Pool Nonpaged Bytes; Page Writes/sec; Pool Paged Allocs; Pool Nonpaged Allocs; Free System Page Table Entries; Cache Bytes; Cache Bytes Peak; Pool Paged Resident Bytes; System Code Total Bytes; System Code Resident Bytes; System Driver Total Bytes; System Driver Resident Bytes; System Cache Resident Bytes; % Committed Bytes In Use; Available KBytes; Available MBytes; Transition Pages RePurposed/sec; Free & Zero Page List Bytes; Modified Page List Bytes; Standby Cache Reserve Bytes; Standby Cache Normal Priority Bytes; Standby Cache Core Bytes; Long-Term Average Standby Cache Lifetime (s)
disabled = 1
interval = 10
mode = multikv
object = Memory
useEnglishOnly=true","perfmon://Memory#disabled ","","AD/DNS or Base Windows","",1
"perfmon://Memory","interval "," 10","[perfmon://Memory]#SEP#counters = Page Faults/sec; Available Bytes; Committed Bytes; Commit Limit; Write Copies/sec; Transition Faults/sec; Cache Faults/sec; Demand Zero Faults/sec; Pages/sec; Pages Input/sec; Page Reads/sec; Pages Output/sec; Pool Paged Bytes; Pool Nonpaged Bytes; Page Writes/sec; Pool Paged Allocs; Pool Nonpaged Allocs; Free System Page Table Entries; Cache Bytes; Cache Bytes Peak; Pool Paged Resident Bytes; System Code Total Bytes; System Code Resident Bytes; System Driver Total Bytes; System Driver Resident Bytes; System Cache Resident Bytes; % Committed Bytes In Use; Available KBytes; Available MBytes; Transition Pages RePurposed/sec; Free & Zero Page List Bytes; Modified Page List Bytes; Standby Cache Reserve Bytes; Standby Cache Normal Priority Bytes; Standby Cache Core Bytes; Long-Term Average Standby Cache Lifetime (s)#SEP#disabled = 1#SEP#interval = 10#SEP#mode = multikv#SEP#object = Memory#SEP#useEnglishOnly=true",false,0,"perfmon - Performance Counters - Memory",perfmon,Memory,"Page Faults/sec; Available Bytes; Committed Bytes; Commit Limit; Write Copies/sec; Transition Faults/sec; Cache Faults/sec; Demand Zero Faults/sec; Pages/sec; Pages Input/sec; Page Reads/sec; Pages Output/sec; Pool Paged Bytes; Pool Nonpaged Bytes; Page Writes/sec; Pool Paged Allocs; Pool Nonpaged Allocs; Free System Page Table Entries; Cache Bytes; Cache Bytes Peak; Pool Paged Resident Bytes; System Code Total Bytes; System Code Resident Bytes; System Driver Total Bytes; System Driver Resident Bytes; System Cache Resident Bytes; % Committed Bytes In Use; Available KBytes; Available MBytes; Transition Pages RePurposed/sec; Free & Zero Page List Bytes; Modified Page List Bytes; Standby Cache Reserve Bytes; Standby Cache Normal Priority Bytes; Standby Cache Core Bytes; Long-Term Average Standby Cache Lifetime (s)
disabled = 1
interval = 10
mode = multikv
object = Memory
useEnglishOnly=true","perfmon://Memory#interval ","","AD/DNS or Base Windows","",2
"perfmon://Memory","mode "," multikv","[perfmon://Memory]#SEP#counters = Page Faults/sec; Available Bytes; Committed Bytes; Commit Limit; Write Copies/sec; Transition Faults/sec; Cache Faults/sec; Demand Zero Faults/sec; Pages/sec; Pages Input/sec; Page Reads/sec; Pages Output/sec; Pool Paged Bytes; Pool Nonpaged Bytes; Page Writes/sec; Pool Paged Allocs; Pool Nonpaged Allocs; Free System Page Table Entries; Cache Bytes; Cache Bytes Peak; Pool Paged Resident Bytes; System Code Total Bytes; System Code Resident Bytes; System Driver Total Bytes; System Driver Resident Bytes; System Cache Resident Bytes; % Committed Bytes In Use; Available KBytes; Available MBytes; Transition Pages RePurposed/sec; Free & Zero Page List Bytes; Modified Page List Bytes; Standby Cache Reserve Bytes; Standby Cache Normal Priority Bytes; Standby Cache Core Bytes; Long-Term Average Standby Cache Lifetime (s)#SEP#disabled = 1#SEP#interval = 10#SEP#mode = multikv#SEP#object = Memory#SEP#useEnglishOnly=true",false,0,"perfmon - Performance Counters - Memory",perfmon,Memory,"Page Faults/sec; Available Bytes; Committed Bytes; Commit Limit; Write Copies/sec; Transition Faults/sec; Cache Faults/sec; Demand Zero Faults/sec; Pages/sec; Pages Input/sec; Page Reads/sec; Pages Output/sec; Pool Paged Bytes; Pool Nonpaged Bytes; Page Writes/sec; Pool Paged Allocs; Pool Nonpaged Allocs; Free System Page Table Entries; Cache Bytes; Cache Bytes Peak; Pool Paged Resident Bytes; System Code Total Bytes; System Code Resident Bytes; System Driver Total Bytes; System Driver Resident Bytes; System Cache Resident Bytes; % Committed Bytes In Use; Available KBytes; Available MBytes; Transition Pages RePurposed/sec; Free & Zero Page List Bytes; Modified Page List Bytes; Standby Cache Reserve Bytes; Standby Cache Normal Priority Bytes; Standby Cache Core Bytes; Long-Term Average Standby Cache Lifetime (s)
disabled = 1
interval = 10
mode = multikv
object = Memory
useEnglishOnly=true","perfmon://Memory#mode ","","AD/DNS or Base Windows","",3
"perfmon://Memory","object "," Memory","[perfmon://Memory]#SEP#counters = Page Faults/sec; Available Bytes; Committed Bytes; Commit Limit; Write Copies/sec; Transition Faults/sec; Cache Faults/sec; Demand Zero Faults/sec; Pages/sec; Pages Input/sec; Page Reads/sec; Pages Output/sec; Pool Paged Bytes; Pool Nonpaged Bytes; Page Writes/sec; Pool Paged Allocs; Pool Nonpaged Allocs; Free System Page Table Entries; Cache Bytes; Cache Bytes Peak; Pool Paged Resident Bytes; System Code Total Bytes; System Code Resident Bytes; System Driver Total Bytes; System Driver Resident Bytes; System Cache Resident Bytes; % Committed Bytes In Use; Available KBytes; Available MBytes; Transition Pages RePurposed/sec; Free & Zero Page List Bytes; Modified Page List Bytes; Standby Cache Reserve Bytes; Standby Cache Normal Priority Bytes; Standby Cache Core Bytes; Long-Term Average Standby Cache Lifetime (s)#SEP#disabled = 1#SEP#interval = 10#SEP#mode = multikv#SEP#object = Memory#SEP#useEnglishOnly=true",false,0,"perfmon - Performance Counters - Memory",perfmon,Memory,"Page Faults/sec; Available Bytes; Committed Bytes; Commit Limit; Write Copies/sec; Transition Faults/sec; Cache Faults/sec; Demand Zero Faults/sec; Pages/sec; Pages Input/sec; Page Reads/sec; Pages Output/sec; Pool Paged Bytes; Pool Nonpaged Bytes; Page Writes/sec; Pool Paged Allocs; Pool Nonpaged Allocs; Free System Page Table Entries; Cache Bytes; Cache Bytes Peak; Pool Paged Resident Bytes; System Code Total Bytes; System Code Resident Bytes; System Driver Total Bytes; System Driver Resident Bytes; System Cache Resident Bytes; % Committed Bytes In Use; Available KBytes; Available MBytes; Transition Pages RePurposed/sec; Free & Zero Page List Bytes; Modified Page List Bytes; Standby Cache Reserve Bytes; Standby Cache Normal Priority Bytes; Standby Cache Core Bytes; Long-Term Average Standby Cache Lifetime (s)
disabled = 1
interval = 10
mode = multikv
object = Memory
useEnglishOnly=true","perfmon://Memory#object ","","AD/DNS or Base Windows","",4
"perfmon://Memory",useEnglishOnly,true,"[perfmon://Memory]#SEP#counters = Page Faults/sec; Available Bytes; Committed Bytes; Commit Limit; Write Copies/sec; Transition Faults/sec; Cache Faults/sec; Demand Zero Faults/sec; Pages/sec; Pages Input/sec; Page Reads/sec; Pages Output/sec; Pool Paged Bytes; Pool Nonpaged Bytes; Page Writes/sec; Pool Paged Allocs; Pool Nonpaged Allocs; Free System Page Table Entries; Cache Bytes; Cache Bytes Peak; Pool Paged Resident Bytes; System Code Total Bytes; System Code Resident Bytes; System Driver Total Bytes; System Driver Resident Bytes; System Cache Resident Bytes; % Committed Bytes In Use; Available KBytes; Available MBytes; Transition Pages RePurposed/sec; Free & Zero Page List Bytes; Modified Page List Bytes; Standby Cache Reserve Bytes; Standby Cache Normal Priority Bytes; Standby Cache Core Bytes; Long-Term Average Standby Cache Lifetime (s)#SEP#disabled = 1#SEP#interval = 10#SEP#mode = multikv#SEP#object = Memory#SEP#useEnglishOnly=true",false,0,"perfmon - Performance Counters - Memory",perfmon,Memory,"Page Faults/sec; Available Bytes; Committed Bytes; Commit Limit; Write Copies/sec; Transition Faults/sec; Cache Faults/sec; Demand Zero Faults/sec; Pages/sec; Pages Input/sec; Page Reads/sec; Pages Output/sec; Pool Paged Bytes; Pool Nonpaged Bytes; Page Writes/sec; Pool Paged Allocs; Pool Nonpaged Allocs; Free System Page Table Entries; Cache Bytes; Cache Bytes Peak; Pool Paged Resident Bytes; System Code Total Bytes; System Code Resident Bytes; System Driver Total Bytes; System Driver Resident Bytes; System Cache Resident Bytes; % Committed Bytes In Use; Available KBytes; Available MBytes; Transition Pages RePurposed/sec; Free & Zero Page List Bytes; Modified Page List Bytes; Standby Cache Reserve Bytes; Standby Cache Normal Priority Bytes; Standby Cache Core Bytes; Long-Term Average Standby Cache Lifetime (s)
disabled = 1
interval = 10
mode = multikv
object = Memory
useEnglishOnly=true","perfmon://Memory#useEnglishOnly","","AD/DNS or Base Windows","",5
"perfmon://PhysicalDisk","counters "," Current Disk Queue Length; % Disk Time; Avg. Disk Queue Length; % Disk Read Time; Avg. Disk Read Queue Length; % Disk Write Time; Avg. Disk Write Queue Length; Avg. Disk sec/Transfer; Avg. Disk sec/Read; Avg. Disk sec/Write; Disk Transfers/sec; Disk Reads/sec; Disk Writes/sec; Disk Bytes/sec; Disk Read Bytes/sec; Disk Write Bytes/sec; Avg. Disk Bytes/Transfer; Avg. Disk Bytes/Read; Avg. Disk Bytes/Write; % Idle Time; Split IO/Sec","[perfmon://PhysicalDisk]#SEP#counters = Current Disk Queue Length; % Disk Time; Avg. Disk Queue Length; % Disk Read Time; Avg. Disk Read Queue Length; % Disk Write Time; Avg. Disk Write Queue Length; Avg. Disk sec/Transfer; Avg. Disk sec/Read; Avg. Disk sec/Write; Disk Transfers/sec; Disk Reads/sec; Disk Writes/sec; Disk Bytes/sec; Disk Read Bytes/sec; Disk Write Bytes/sec; Avg. Disk Bytes/Transfer; Avg. Disk Bytes/Read; Avg. Disk Bytes/Write; % Idle Time; Split IO/Sec#SEP#disabled = 1#SEP#instances = *#SEP#interval = 10#SEP#mode = multikv#SEP#object = PhysicalDisk#SEP#useEnglishOnly=true",false,0,"perfmon - Performance Counters",perfmon,PhysicalDisk,"Current Disk Queue Length; % Disk Time; Avg. Disk Queue Length; % Disk Read Time; Avg. Disk Read Queue Length; % Disk Write Time; Avg. Disk Write Queue Length; Avg. Disk sec/Transfer; Avg. Disk sec/Read; Avg. Disk sec/Write; Disk Transfers/sec; Disk Reads/sec; Disk Writes/sec; Disk Bytes/sec; Disk Read Bytes/sec; Disk Write Bytes/sec; Avg. Disk Bytes/Transfer; Avg. Disk Bytes/Read; Avg. Disk Bytes/Write; % Idle Time; Split IO/Sec
disabled = 1
instances = *
interval = 10
mode = multikv
object = PhysicalDisk
useEnglishOnly=true","perfmon://PhysicalDisk#counters ","","AD/DNS or Base Windows","",0
"perfmon://PhysicalDisk","disabled "," 1","[perfmon://PhysicalDisk]#SEP#counters = Current Disk Queue Length; % Disk Time; Avg. Disk Queue Length; % Disk Read Time; Avg. Disk Read Queue Length; % Disk Write Time; Avg. Disk Write Queue Length; Avg. Disk sec/Transfer; Avg. Disk sec/Read; Avg. Disk sec/Write; Disk Transfers/sec; Disk Reads/sec; Disk Writes/sec; Disk Bytes/sec; Disk Read Bytes/sec; Disk Write Bytes/sec; Avg. Disk Bytes/Transfer; Avg. Disk Bytes/Read; Avg. Disk Bytes/Write; % Idle Time; Split IO/Sec#SEP#disabled = 1#SEP#instances = *#SEP#interval = 10#SEP#mode = multikv#SEP#object = PhysicalDisk#SEP#useEnglishOnly=true",false,0,"perfmon - Performance Counters",perfmon,PhysicalDisk,"Current Disk Queue Length; % Disk Time; Avg. Disk Queue Length; % Disk Read Time; Avg. Disk Read Queue Length; % Disk Write Time; Avg. Disk Write Queue Length; Avg. Disk sec/Transfer; Avg. Disk sec/Read; Avg. Disk sec/Write; Disk Transfers/sec; Disk Reads/sec; Disk Writes/sec; Disk Bytes/sec; Disk Read Bytes/sec; Disk Write Bytes/sec; Avg. Disk Bytes/Transfer; Avg. Disk Bytes/Read; Avg. Disk Bytes/Write; % Idle Time; Split IO/Sec
disabled = 1
instances = *
interval = 10
mode = multikv
object = PhysicalDisk
useEnglishOnly=true","perfmon://PhysicalDisk#disabled ","","AD/DNS or Base Windows","",1
"perfmon://PhysicalDisk","instances "," *","[perfmon://PhysicalDisk]#SEP#counters = Current Disk Queue Length; % Disk Time; Avg. Disk Queue Length; % Disk Read Time; Avg. Disk Read Queue Length; % Disk Write Time; Avg. Disk Write Queue Length; Avg. Disk sec/Transfer; Avg. Disk sec/Read; Avg. Disk sec/Write; Disk Transfers/sec; Disk Reads/sec; Disk Writes/sec; Disk Bytes/sec; Disk Read Bytes/sec; Disk Write Bytes/sec; Avg. Disk Bytes/Transfer; Avg. Disk Bytes/Read; Avg. Disk Bytes/Write; % Idle Time; Split IO/Sec#SEP#disabled = 1#SEP#instances = *#SEP#interval = 10#SEP#mode = multikv#SEP#object = PhysicalDisk#SEP#useEnglishOnly=true",false,0,"perfmon - Performance Counters",perfmon,PhysicalDisk,"Current Disk Queue Length; % Disk Time; Avg. Disk Queue Length; % Disk Read Time; Avg. Disk Read Queue Length; % Disk Write Time; Avg. Disk Write Queue Length; Avg. Disk sec/Transfer; Avg. Disk sec/Read; Avg. Disk sec/Write; Disk Transfers/sec; Disk Reads/sec; Disk Writes/sec; Disk Bytes/sec; Disk Read Bytes/sec; Disk Write Bytes/sec; Avg. Disk Bytes/Transfer; Avg. Disk Bytes/Read; Avg. Disk Bytes/Write; % Idle Time; Split IO/Sec
disabled = 1
instances = *
interval = 10
mode = multikv
object = PhysicalDisk
useEnglishOnly=true","perfmon://PhysicalDisk#instances ","","AD/DNS or Base Windows","",2
"perfmon://PhysicalDisk","interval "," 10","[perfmon://PhysicalDisk]#SEP#counters = Current Disk Queue Length; % Disk Time; Avg. Disk Queue Length; % Disk Read Time; Avg. Disk Read Queue Length; % Disk Write Time; Avg. Disk Write Queue Length; Avg. Disk sec/Transfer; Avg. Disk sec/Read; Avg. Disk sec/Write; Disk Transfers/sec; Disk Reads/sec; Disk Writes/sec; Disk Bytes/sec; Disk Read Bytes/sec; Disk Write Bytes/sec; Avg. Disk Bytes/Transfer; Avg. Disk Bytes/Read; Avg. Disk Bytes/Write; % Idle Time; Split IO/Sec#SEP#disabled = 1#SEP#instances = *#SEP#interval = 10#SEP#mode = multikv#SEP#object = PhysicalDisk#SEP#useEnglishOnly=true",false,0,"perfmon - Performance Counters",perfmon,PhysicalDisk,"Current Disk Queue Length; % Disk Time; Avg. Disk Queue Length; % Disk Read Time; Avg. Disk Read Queue Length; % Disk Write Time; Avg. Disk Write Queue Length; Avg. Disk sec/Transfer; Avg. Disk sec/Read; Avg. Disk sec/Write; Disk Transfers/sec; Disk Reads/sec; Disk Writes/sec; Disk Bytes/sec; Disk Read Bytes/sec; Disk Write Bytes/sec; Avg. Disk Bytes/Transfer; Avg. Disk Bytes/Read; Avg. Disk Bytes/Write; % Idle Time; Split IO/Sec
disabled = 1
instances = *
interval = 10
mode = multikv
object = PhysicalDisk
useEnglishOnly=true","perfmon://PhysicalDisk#interval ","","AD/DNS or Base Windows","",3
"perfmon://PhysicalDisk","mode "," multikv","[perfmon://PhysicalDisk]#SEP#counters = Current Disk Queue Length; % Disk Time; Avg. Disk Queue Length; % Disk Read Time; Avg. Disk Read Queue Length; % Disk Write Time; Avg. Disk Write Queue Length; Avg. Disk sec/Transfer; Avg. Disk sec/Read; Avg. Disk sec/Write; Disk Transfers/sec; Disk Reads/sec; Disk Writes/sec; Disk Bytes/sec; Disk Read Bytes/sec; Disk Write Bytes/sec; Avg. Disk Bytes/Transfer; Avg. Disk Bytes/Read; Avg. Disk Bytes/Write; % Idle Time; Split IO/Sec#SEP#disabled = 1#SEP#instances = *#SEP#interval = 10#SEP#mode = multikv#SEP#object = PhysicalDisk#SEP#useEnglishOnly=true",false,0,"perfmon - Performance Counters",perfmon,PhysicalDisk,"Current Disk Queue Length; % Disk Time; Avg. Disk Queue Length; % Disk Read Time; Avg. Disk Read Queue Length; % Disk Write Time; Avg. Disk Write Queue Length; Avg. Disk sec/Transfer; Avg. Disk sec/Read; Avg. Disk sec/Write; Disk Transfers/sec; Disk Reads/sec; Disk Writes/sec; Disk Bytes/sec; Disk Read Bytes/sec; Disk Write Bytes/sec; Avg. Disk Bytes/Transfer; Avg. Disk Bytes/Read; Avg. Disk Bytes/Write; % Idle Time; Split IO/Sec
disabled = 1
instances = *
interval = 10
mode = multikv
object = PhysicalDisk
useEnglishOnly=true","perfmon://PhysicalDisk#mode ","","AD/DNS or Base Windows","",4
"perfmon://PhysicalDisk","object "," PhysicalDisk","[perfmon://PhysicalDisk]#SEP#counters = Current Disk Queue Length; % Disk Time; Avg. Disk Queue Length; % Disk Read Time; Avg. Disk Read Queue Length; % Disk Write Time; Avg. Disk Write Queue Length; Avg. Disk sec/Transfer; Avg. Disk sec/Read; Avg. Disk sec/Write; Disk Transfers/sec; Disk Reads/sec; Disk Writes/sec; Disk Bytes/sec; Disk Read Bytes/sec; Disk Write Bytes/sec; Avg. Disk Bytes/Transfer; Avg. Disk Bytes/Read; Avg. Disk Bytes/Write; % Idle Time; Split IO/Sec#SEP#disabled = 1#SEP#instances = *#SEP#interval = 10#SEP#mode = multikv#SEP#object = PhysicalDisk#SEP#useEnglishOnly=true",false,0,"perfmon - Performance Counters",perfmon,PhysicalDisk,"Current Disk Queue Length; % Disk Time; Avg. Disk Queue Length; % Disk Read Time; Avg. Disk Read Queue Length; % Disk Write Time; Avg. Disk Write Queue Length; Avg. Disk sec/Transfer; Avg. Disk sec/Read; Avg. Disk sec/Write; Disk Transfers/sec; Disk Reads/sec; Disk Writes/sec; Disk Bytes/sec; Disk Read Bytes/sec; Disk Write Bytes/sec; Avg. Disk Bytes/Transfer; Avg. Disk Bytes/Read; Avg. Disk Bytes/Write; % Idle Time; Split IO/Sec
disabled = 1
instances = *
interval = 10
mode = multikv
object = PhysicalDisk
useEnglishOnly=true","perfmon://PhysicalDisk#object ","","AD/DNS or Base Windows","",5
"perfmon://PhysicalDisk",useEnglishOnly,true,"[perfmon://PhysicalDisk]#SEP#counters = Current Disk Queue Length; % Disk Time; Avg. Disk Queue Length; % Disk Read Time; Avg. Disk Read Queue Length; % Disk Write Time; Avg. Disk Write Queue Length; Avg. Disk sec/Transfer; Avg. Disk sec/Read; Avg. Disk sec/Write; Disk Transfers/sec; Disk Reads/sec; Disk Writes/sec; Disk Bytes/sec; Disk Read Bytes/sec; Disk Write Bytes/sec; Avg. Disk Bytes/Transfer; Avg. Disk Bytes/Read; Avg. Disk Bytes/Write; % Idle Time; Split IO/Sec#SEP#disabled = 1#SEP#instances = *#SEP#interval = 10#SEP#mode = multikv#SEP#object = PhysicalDisk#SEP#useEnglishOnly=true",false,0,"perfmon - Performance Counters",perfmon,PhysicalDisk,"Current Disk Queue Length; % Disk Time; Avg. Disk Queue Length; % Disk Read Time; Avg. Disk Read Queue Length; % Disk Write Time; Avg. Disk Write Queue Length; Avg. Disk sec/Transfer; Avg. Disk sec/Read; Avg. Disk sec/Write; Disk Transfers/sec; Disk Reads/sec; Disk Writes/sec; Disk Bytes/sec; Disk Read Bytes/sec; Disk Write Bytes/sec; Avg. Disk Bytes/Transfer; Avg. Disk Bytes/Read; Avg. Disk Bytes/Write; % Idle Time; Split IO/Sec
disabled = 1
instances = *
interval = 10
mode = multikv
object = PhysicalDisk
useEnglishOnly=true","perfmon://PhysicalDisk#useEnglishOnly","","AD/DNS or Base Windows","",6
"perfmon://LogicalDisk","counters "," % Free Space; Free Megabytes; Current Disk Queue Length; % Disk Time; Avg. Disk Queue Length; % Disk Read Time; Avg. Disk Read Queue Length; % Disk Write Time; Avg. Disk Write Queue Length; Avg. Disk sec/Transfer; Avg. Disk sec/Read; Avg. Disk sec/Write; Disk Transfers/sec; Disk Reads/sec; Disk Writes/sec; Disk Bytes/sec; Disk Read Bytes/sec; Disk Write Bytes/sec; Avg. Disk Bytes/Transfer; Avg. Disk Bytes/Read; Avg. Disk Bytes/Write; % Idle Time; Split IO/Sec","[perfmon://LogicalDisk]#SEP#counters = % Free Space; Free Megabytes; Current Disk Queue Length; % Disk Time; Avg. Disk Queue Length; % Disk Read Time; Avg. Disk Read Queue Length; % Disk Write Time; Avg. Disk Write Queue Length; Avg. Disk sec/Transfer; Avg. Disk sec/Read; Avg. Disk sec/Write; Disk Transfers/sec; Disk Reads/sec; Disk Writes/sec; Disk Bytes/sec; Disk Read Bytes/sec; Disk Write Bytes/sec; Avg. Disk Bytes/Transfer; Avg. Disk Bytes/Read; Avg. Disk Bytes/Write; % Idle Time; Split IO/Sec#SEP#disabled = 1#SEP#instances = *#SEP#interval = 10#SEP#mode = multikv#SEP#object = LogicalDisk#SEP#useEnglishOnly=true",false,0,"perfmon - Performance Counters - Logical Disk",perfmon,LogicalDisk,"% Free Space; Free Megabytes; Current Disk Queue Length; % Disk Time; Avg. Disk Queue Length; % Disk Read Time; Avg. Disk Read Queue Length; % Disk Write Time; Avg. Disk Write Queue Length; Avg. Disk sec/Transfer; Avg. Disk sec/Read; Avg. Disk sec/Write; Disk Transfers/sec; Disk Reads/sec; Disk Writes/sec; Disk Bytes/sec; Disk Read Bytes/sec; Disk Write Bytes/sec; Avg. Disk Bytes/Transfer; Avg. Disk Bytes/Read; Avg. Disk Bytes/Write; % Idle Time; Split IO/Sec
disabled = 1
instances = *
interval = 10
mode = multikv
object = LogicalDisk
useEnglishOnly=true","perfmon://LogicalDisk#counters ","","AD/DNS or Base Windows","",0
"perfmon://LogicalDisk","disabled "," 1","[perfmon://LogicalDisk]#SEP#counters = % Free Space; Free Megabytes; Current Disk Queue Length; % Disk Time; Avg. Disk Queue Length; % Disk Read Time; Avg. Disk Read Queue Length; % Disk Write Time; Avg. Disk Write Queue Length; Avg. Disk sec/Transfer; Avg. Disk sec/Read; Avg. Disk sec/Write; Disk Transfers/sec; Disk Reads/sec; Disk Writes/sec; Disk Bytes/sec; Disk Read Bytes/sec; Disk Write Bytes/sec; Avg. Disk Bytes/Transfer; Avg. Disk Bytes/Read; Avg. Disk Bytes/Write; % Idle Time; Split IO/Sec#SEP#disabled = 1#SEP#instances = *#SEP#interval = 10#SEP#mode = multikv#SEP#object = LogicalDisk#SEP#useEnglishOnly=true",false,0,"perfmon - Performance Counters - Logical Disk",perfmon,LogicalDisk,"% Free Space; Free Megabytes; Current Disk Queue Length; % Disk Time; Avg. Disk Queue Length; % Disk Read Time; Avg. Disk Read Queue Length; % Disk Write Time; Avg. Disk Write Queue Length; Avg. Disk sec/Transfer; Avg. Disk sec/Read; Avg. Disk sec/Write; Disk Transfers/sec; Disk Reads/sec; Disk Writes/sec; Disk Bytes/sec; Disk Read Bytes/sec; Disk Write Bytes/sec; Avg. Disk Bytes/Transfer; Avg. Disk Bytes/Read; Avg. Disk Bytes/Write; % Idle Time; Split IO/Sec
disabled = 1
instances = *
interval = 10
mode = multikv
object = LogicalDisk
useEnglishOnly=true","perfmon://LogicalDisk#disabled ","","AD/DNS or Base Windows","",1
"perfmon://LogicalDisk","instances "," *","[perfmon://LogicalDisk]#SEP#counters = % Free Space; Free Megabytes; Current Disk Queue Length; % Disk Time; Avg. Disk Queue Length; % Disk Read Time; Avg. Disk Read Queue Length; % Disk Write Time; Avg. Disk Write Queue Length; Avg. Disk sec/Transfer; Avg. Disk sec/Read; Avg. Disk sec/Write; Disk Transfers/sec; Disk Reads/sec; Disk Writes/sec; Disk Bytes/sec; Disk Read Bytes/sec; Disk Write Bytes/sec; Avg. Disk Bytes/Transfer; Avg. Disk Bytes/Read; Avg. Disk Bytes/Write; % Idle Time; Split IO/Sec#SEP#disabled = 1#SEP#instances = *#SEP#interval = 10#SEP#mode = multikv#SEP#object = LogicalDisk#SEP#useEnglishOnly=true",false,0,"perfmon - Performance Counters - Logical Disk",perfmon,LogicalDisk,"% Free Space; Free Megabytes; Current Disk Queue Length; % Disk Time; Avg. Disk Queue Length; % Disk Read Time; Avg. Disk Read Queue Length; % Disk Write Time; Avg. Disk Write Queue Length; Avg. Disk sec/Transfer; Avg. Disk sec/Read; Avg. Disk sec/Write; Disk Transfers/sec; Disk Reads/sec; Disk Writes/sec; Disk Bytes/sec; Disk Read Bytes/sec; Disk Write Bytes/sec; Avg. Disk Bytes/Transfer; Avg. Disk Bytes/Read; Avg. Disk Bytes/Write; % Idle Time; Split IO/Sec
disabled = 1
instances = *
interval = 10
mode = multikv
object = LogicalDisk
useEnglishOnly=true","perfmon://LogicalDisk#instances ","","AD/DNS or Base Windows","",2
"perfmon://LogicalDisk","interval "," 10","[perfmon://LogicalDisk]#SEP#counters = % Free Space; Free Megabytes; Current Disk Queue Length; % Disk Time; Avg. Disk Queue Length; % Disk Read Time; Avg. Disk Read Queue Length; % Disk Write Time; Avg. Disk Write Queue Length; Avg. Disk sec/Transfer; Avg. Disk sec/Read; Avg. Disk sec/Write; Disk Transfers/sec; Disk Reads/sec; Disk Writes/sec; Disk Bytes/sec; Disk Read Bytes/sec; Disk Write Bytes/sec; Avg. Disk Bytes/Transfer; Avg. Disk Bytes/Read; Avg. Disk Bytes/Write; % Idle Time; Split IO/Sec#SEP#disabled = 1#SEP#instances = *#SEP#interval = 10#SEP#mode = multikv#SEP#object = LogicalDisk#SEP#useEnglishOnly=true",false,0,"perfmon - Performance Counters - Logical Disk",perfmon,LogicalDisk,"% Free Space; Free Megabytes; Current Disk Queue Length; % Disk Time; Avg. Disk Queue Length; % Disk Read Time; Avg. Disk Read Queue Length; % Disk Write Time; Avg. Disk Write Queue Length; Avg. Disk sec/Transfer; Avg. Disk sec/Read; Avg. Disk sec/Write; Disk Transfers/sec; Disk Reads/sec; Disk Writes/sec; Disk Bytes/sec; Disk Read Bytes/sec; Disk Write Bytes/sec; Avg. Disk Bytes/Transfer; Avg. Disk Bytes/Read; Avg. Disk Bytes/Write; % Idle Time; Split IO/Sec
disabled = 1
instances = *
interval = 10
mode = multikv
object = LogicalDisk
useEnglishOnly=true","perfmon://LogicalDisk#interval ","","AD/DNS or Base Windows","",3
"perfmon://LogicalDisk","mode "," multikv","[perfmon://LogicalDisk]#SEP#counters = % Free Space; Free Megabytes; Current Disk Queue Length; % Disk Time; Avg. Disk Queue Length; % Disk Read Time; Avg. Disk Read Queue Length; % Disk Write Time; Avg. Disk Write Queue Length; Avg. Disk sec/Transfer; Avg. Disk sec/Read; Avg. Disk sec/Write; Disk Transfers/sec; Disk Reads/sec; Disk Writes/sec; Disk Bytes/sec; Disk Read Bytes/sec; Disk Write Bytes/sec; Avg. Disk Bytes/Transfer; Avg. Disk Bytes/Read; Avg. Disk Bytes/Write; % Idle Time; Split IO/Sec#SEP#disabled = 1#SEP#instances = *#SEP#interval = 10#SEP#mode = multikv#SEP#object = LogicalDisk#SEP#useEnglishOnly=true",false,0,"perfmon - Performance Counters - Logical Disk",perfmon,LogicalDisk,"% Free Space; Free Megabytes; Current Disk Queue Length; % Disk Time; Avg. Disk Queue Length; % Disk Read Time; Avg. Disk Read Queue Length; % Disk Write Time; Avg. Disk Write Queue Length; Avg. Disk sec/Transfer; Avg. Disk sec/Read; Avg. Disk sec/Write; Disk Transfers/sec; Disk Reads/sec; Disk Writes/sec; Disk Bytes/sec; Disk Read Bytes/sec; Disk Write Bytes/sec; Avg. Disk Bytes/Transfer; Avg. Disk Bytes/Read; Avg. Disk Bytes/Write; % Idle Time; Split IO/Sec
disabled = 1
instances = *
interval = 10
mode = multikv
object = LogicalDisk
useEnglishOnly=true","perfmon://LogicalDisk#mode ","","AD/DNS or Base Windows","",4
"perfmon://LogicalDisk","object "," LogicalDisk","[perfmon://LogicalDisk]#SEP#counters = % Free Space; Free Megabytes; Current Disk Queue Length; % Disk Time; Avg. Disk Queue Length; % Disk Read Time; Avg. Disk Read Queue Length; % Disk Write Time; Avg. Disk Write Queue Length; Avg. Disk sec/Transfer; Avg. Disk sec/Read; Avg. Disk sec/Write; Disk Transfers/sec; Disk Reads/sec; Disk Writes/sec; Disk Bytes/sec; Disk Read Bytes/sec; Disk Write Bytes/sec; Avg. Disk Bytes/Transfer; Avg. Disk Bytes/Read; Avg. Disk Bytes/Write; % Idle Time; Split IO/Sec#SEP#disabled = 1#SEP#instances = *#SEP#interval = 10#SEP#mode = multikv#SEP#object = LogicalDisk#SEP#useEnglishOnly=true",false,0,"perfmon - Performance Counters - Logical Disk",perfmon,LogicalDisk,"% Free Space; Free Megabytes; Current Disk Queue Length; % Disk Time; Avg. Disk Queue Length; % Disk Read Time; Avg. Disk Read Queue Length; % Disk Write Time; Avg. Disk Write Queue Length; Avg. Disk sec/Transfer; Avg. Disk sec/Read; Avg. Disk sec/Write; Disk Transfers/sec; Disk Reads/sec; Disk Writes/sec; Disk Bytes/sec; Disk Read Bytes/sec; Disk Write Bytes/sec; Avg. Disk Bytes/Transfer; Avg. Disk Bytes/Read; Avg. Disk Bytes/Write; % Idle Time; Split IO/Sec
disabled = 1
instances = *
interval = 10
mode = multikv
object = LogicalDisk
useEnglishOnly=true","perfmon://LogicalDisk#object ","","AD/DNS or Base Windows","",5
"perfmon://LogicalDisk",useEnglishOnly,true,"[perfmon://LogicalDisk]#SEP#counters = % Free Space; Free Megabytes; Current Disk Queue Length; % Disk Time; Avg. Disk Queue Length; % Disk Read Time; Avg. Disk Read Queue Length; % Disk Write Time; Avg. Disk Write Queue Length; Avg. Disk sec/Transfer; Avg. Disk sec/Read; Avg. Disk sec/Write; Disk Transfers/sec; Disk Reads/sec; Disk Writes/sec; Disk Bytes/sec; Disk Read Bytes/sec; Disk Write Bytes/sec; Avg. Disk Bytes/Transfer; Avg. Disk Bytes/Read; Avg. Disk Bytes/Write; % Idle Time; Split IO/Sec#SEP#disabled = 1#SEP#instances = *#SEP#interval = 10#SEP#mode = multikv#SEP#object = LogicalDisk#SEP#useEnglishOnly=true",false,0,"perfmon - Performance Counters - Logical Disk",perfmon,LogicalDisk,"% Free Space; Free Megabytes; Current Disk Queue Length; % Disk Time; Avg. Disk Queue Length; % Disk Read Time; Avg. Disk Read Queue Length; % Disk Write Time; Avg. Disk Write Queue Length; Avg. Disk sec/Transfer; Avg. Disk sec/Read; Avg. Disk sec/Write; Disk Transfers/sec; Disk Reads/sec; Disk Writes/sec; Disk Bytes/sec; Disk Read Bytes/sec; Disk Write Bytes/sec; Avg. Disk Bytes/Transfer; Avg. Disk Bytes/Read; Avg. Disk Bytes/Write; % Idle Time; Split IO/Sec
disabled = 1
instances = *
interval = 10
mode = multikv
object = LogicalDisk
useEnglishOnly=true","perfmon://LogicalDisk#useEnglishOnly","","AD/DNS or Base Windows","",6
"perfmon://CPU","counters "," % Processor Time; % User Time; % Privileged Time; Interrupts/sec; % DPC Time; % Interrupt Time; DPCs Queued/sec; DPC Rate; % Idle Time; % C1 Time; % C2 Time; % C3 Time; C1 Transitions/sec; C2 Transitions/sec; C3 Transitions/sec","[perfmon://CPU]#SEP#counters = % Processor Time; % User Time; % Privileged Time; Interrupts/sec; % DPC Time; % Interrupt Time; DPCs Queued/sec; DPC Rate; % Idle Time; % C1 Time; % C2 Time; % C3 Time; C1 Transitions/sec; C2 Transitions/sec; C3 Transitions/sec#SEP#disabled = 1#SEP#instances = *#SEP#interval = 10#SEP#mode = multikv#SEP#object = Processor#SEP#useEnglishOnly=true",false,0,"perfmon - Performance Counters - CPU",perfmon,CPU,"% Processor Time; % User Time; % Privileged Time; Interrupts/sec; % DPC Time; % Interrupt Time; DPCs Queued/sec; DPC Rate; % Idle Time; % C1 Time; % C2 Time; % C3 Time; C1 Transitions/sec; C2 Transitions/sec; C3 Transitions/sec
disabled = 1
instances = *
interval = 10
mode = multikv
object = Processor
useEnglishOnly=true","perfmon://CPU#counters ","","AD/DNS or Base Windows","",0
"perfmon://CPU","disabled "," 1","[perfmon://CPU]#SEP#counters = % Processor Time; % User Time; % Privileged Time; Interrupts/sec; % DPC Time; % Interrupt Time; DPCs Queued/sec; DPC Rate; % Idle Time; % C1 Time; % C2 Time; % C3 Time; C1 Transitions/sec; C2 Transitions/sec; C3 Transitions/sec#SEP#disabled = 1#SEP#instances = *#SEP#interval = 10#SEP#mode = multikv#SEP#object = Processor#SEP#useEnglishOnly=true",false,0,"perfmon - Performance Counters - CPU",perfmon,CPU,"% Processor Time; % User Time; % Privileged Time; Interrupts/sec; % DPC Time; % Interrupt Time; DPCs Queued/sec; DPC Rate; % Idle Time; % C1 Time; % C2 Time; % C3 Time; C1 Transitions/sec; C2 Transitions/sec; C3 Transitions/sec
disabled = 1
instances = *
interval = 10
mode = multikv
object = Processor
useEnglishOnly=true","perfmon://CPU#disabled ","","AD/DNS or Base Windows","",1
"perfmon://CPU","instances "," *","[perfmon://CPU]#SEP#counters = % Processor Time; % User Time; % Privileged Time; Interrupts/sec; % DPC Time; % Interrupt Time; DPCs Queued/sec; DPC Rate; % Idle Time; % C1 Time; % C2 Time; % C3 Time; C1 Transitions/sec; C2 Transitions/sec; C3 Transitions/sec#SEP#disabled = 1#SEP#instances = *#SEP#interval = 10#SEP#mode = multikv#SEP#object = Processor#SEP#useEnglishOnly=true",false,0,"perfmon - Performance Counters - CPU",perfmon,CPU,"% Processor Time; % User Time; % Privileged Time; Interrupts/sec; % DPC Time; % Interrupt Time; DPCs Queued/sec; DPC Rate; % Idle Time; % C1 Time; % C2 Time; % C3 Time; C1 Transitions/sec; C2 Transitions/sec; C3 Transitions/sec
disabled = 1
instances = *
interval = 10
mode = multikv
object = Processor
useEnglishOnly=true","perfmon://CPU#instances ","","AD/DNS or Base Windows","",2
"perfmon://CPU","interval "," 10","[perfmon://CPU]#SEP#counters = % Processor Time; % User Time; % Privileged Time; Interrupts/sec; % DPC Time; % Interrupt Time; DPCs Queued/sec; DPC Rate; % Idle Time; % C1 Time; % C2 Time; % C3 Time; C1 Transitions/sec; C2 Transitions/sec; C3 Transitions/sec#SEP#disabled = 1#SEP#instances = *#SEP#interval = 10#SEP#mode = multikv#SEP#object = Processor#SEP#useEnglishOnly=true",false,0,"perfmon - Performance Counters - CPU",perfmon,CPU,"% Processor Time; % User Time; % Privileged Time; Interrupts/sec; % DPC Time; % Interrupt Time; DPCs Queued/sec; DPC Rate; % Idle Time; % C1 Time; % C2 Time; % C3 Time; C1 Transitions/sec; C2 Transitions/sec; C3 Transitions/sec
disabled = 1
instances = *
interval = 10
mode = multikv
object = Processor
useEnglishOnly=true","perfmon://CPU#interval ","","AD/DNS or Base Windows","",3
"perfmon://CPU","mode "," multikv","[perfmon://CPU]#SEP#counters = % Processor Time; % User Time; % Privileged Time; Interrupts/sec; % DPC Time; % Interrupt Time; DPCs Queued/sec; DPC Rate; % Idle Time; % C1 Time; % C2 Time; % C3 Time; C1 Transitions/sec; C2 Transitions/sec; C3 Transitions/sec#SEP#disabled = 1#SEP#instances = *#SEP#interval = 10#SEP#mode = multikv#SEP#object = Processor#SEP#useEnglishOnly=true",false,0,"perfmon - Performance Counters - CPU",perfmon,CPU,"% Processor Time; % User Time; % Privileged Time; Interrupts/sec; % DPC Time; % Interrupt Time; DPCs Queued/sec; DPC Rate; % Idle Time; % C1 Time; % C2 Time; % C3 Time; C1 Transitions/sec; C2 Transitions/sec; C3 Transitions/sec
disabled = 1
instances = *
interval = 10
mode = multikv
object = Processor
useEnglishOnly=true","perfmon://CPU#mode ","","AD/DNS or Base Windows","",4
"perfmon://CPU","object "," Processor","[perfmon://CPU]#SEP#counters = % Processor Time; % User Time; % Privileged Time; Interrupts/sec; % DPC Time; % Interrupt Time; DPCs Queued/sec; DPC Rate; % Idle Time; % C1 Time; % C2 Time; % C3 Time; C1 Transitions/sec; C2 Transitions/sec; C3 Transitions/sec#SEP#disabled = 1#SEP#instances = *#SEP#interval = 10#SEP#mode = multikv#SEP#object = Processor#SEP#useEnglishOnly=true",false,0,"perfmon - Performance Counters - CPU",perfmon,CPU,"% Processor Time; % User Time; % Privileged Time; Interrupts/sec; % DPC Time; % Interrupt Time; DPCs Queued/sec; DPC Rate; % Idle Time; % C1 Time; % C2 Time; % C3 Time; C1 Transitions/sec; C2 Transitions/sec; C3 Transitions/sec
disabled = 1
instances = *
interval = 10
mode = multikv
object = Processor
useEnglishOnly=true","perfmon://CPU#object ","","AD/DNS or Base Windows","",5
"perfmon://CPU",useEnglishOnly,true,"[perfmon://CPU]#SEP#counters = % Processor Time; % User Time; % Privileged Time; Interrupts/sec; % DPC Time; % Interrupt Time; DPCs Queued/sec; DPC Rate; % Idle Time; % C1 Time; % C2 Time; % C3 Time; C1 Transitions/sec; C2 Transitions/sec; C3 Transitions/sec#SEP#disabled = 1#SEP#instances = *#SEP#interval = 10#SEP#mode = multikv#SEP#object = Processor#SEP#useEnglishOnly=true",false,0,"perfmon - Performance Counters - CPU",perfmon,CPU,"% Processor Time; % User Time; % Privileged Time; Interrupts/sec; % DPC Time; % Interrupt Time; DPCs Queued/sec; DPC Rate; % Idle Time; % C1 Time; % C2 Time; % C3 Time; C1 Transitions/sec; C2 Transitions/sec; C3 Transitions/sec
disabled = 1
instances = *
interval = 10
mode = multikv
object = Processor
useEnglishOnly=true","perfmon://CPU#useEnglishOnly","","AD/DNS or Base Windows","",6
"WinNetMon://outbound","direction "," outbound","[WinNetMon://outbound]#SEP#direction = outbound#SEP#disabled = 1",false,0,"WinNetMon - Network monitoring ",WinNetMon,outbound,"outbound
disabled = 1","WinNetMon://outbound#direction ","","AD/DNS or Base Windows","",0
"WinNetMon://outbound","disabled "," 1","[WinNetMon://outbound]#SEP#direction = outbound#SEP#disabled = 1",false,0,"WinNetMon - Network monitoring ",WinNetMon,outbound,"outbound
disabled = 1","WinNetMon://outbound#disabled ","","AD/DNS or Base Windows","",1
"WinNetMon://inbound","direction "," inbound","[WinNetMon://inbound]#SEP#direction = inbound#SEP#disabled = 1",false,0,"WinNetMon - Network monitoring ",WinNetMon,inbound,"inbound
disabled = 1","WinNetMon://inbound#direction ","","AD/DNS or Base Windows","",0
"WinNetMon://inbound","disabled "," 1","[WinNetMon://inbound]#SEP#direction = inbound#SEP#disabled = 1",false,0,"WinNetMon - Network monitoring ",WinNetMon,inbound,"inbound
disabled = 1","WinNetMon://inbound#disabled ","","AD/DNS or Base Windows","",1
"WinPrintMon://driver","type "," driver","[WinPrintMon://driver]#SEP#type = driver#SEP#interval = 600#SEP#baseline = 1#SEP#disabled = 1",false,0,"WinPrintMon - Print monitoring ",WinPrintMon,driver,"driver
interval = 600
baseline = 1
disabled = 1","WinPrintMon://driver#type ","","AD/DNS or Base Windows","",0
"WinPrintMon://driver","interval "," 600","[WinPrintMon://driver]#SEP#type = driver#SEP#interval = 600#SEP#baseline = 1#SEP#disabled = 1",false,0,"WinPrintMon - Print monitoring ",WinPrintMon,driver,"driver
interval = 600
baseline = 1
disabled = 1","WinPrintMon://driver#interval ","","AD/DNS or Base Windows","",1
"WinPrintMon://driver","baseline "," 1","[WinPrintMon://driver]#SEP#type = driver#SEP#interval = 600#SEP#baseline = 1#SEP#disabled = 1",false,0,"WinPrintMon - Print monitoring ",WinPrintMon,driver,"driver
interval = 600
baseline = 1
disabled = 1","WinPrintMon://driver#baseline ","","AD/DNS or Base Windows","",2
"WinPrintMon://driver","disabled "," 1","[WinPrintMon://driver]#SEP#type = driver#SEP#interval = 600#SEP#baseline = 1#SEP#disabled = 1",false,0,"WinPrintMon - Print monitoring ",WinPrintMon,driver,"driver
interval = 600
baseline = 1
disabled = 1","WinPrintMon://driver#disabled ","","AD/DNS or Base Windows","",3
"WinPrintMon://printer","type "," printer","[WinPrintMon://printer]#SEP#type = printer#SEP#interval = 600#SEP#baseline = 1#SEP#disabled = 1",false,0,"WinPrintMon - Print monitoring ",WinPrintMon,printer,"printer
interval = 600
baseline = 1
disabled = 1","WinPrintMon://printer#type ","","AD/DNS or Base Windows","",0
"WinPrintMon://printer","interval "," 600","[WinPrintMon://printer]#SEP#type = printer#SEP#interval = 600#SEP#baseline = 1#SEP#disabled = 1",false,0,"WinPrintMon - Print monitoring ",WinPrintMon,printer,"printer
interval = 600
baseline = 1
disabled = 1","WinPrintMon://printer#interval ","","AD/DNS or Base Windows","",1
"WinPrintMon://printer","baseline "," 1","[WinPrintMon://printer]#SEP#type = printer#SEP#interval = 600#SEP#baseline = 1#SEP#disabled = 1",false,0,"WinPrintMon - Print monitoring ",WinPrintMon,printer,"printer
interval = 600
baseline = 1
disabled = 1","WinPrintMon://printer#baseline ","","AD/DNS or Base Windows","",2
"WinPrintMon://printer","disabled "," 1","[WinPrintMon://printer]#SEP#type = printer#SEP#interval = 600#SEP#baseline = 1#SEP#disabled = 1",false,0,"WinPrintMon - Print monitoring ",WinPrintMon,printer,"printer
interval = 600
baseline = 1
disabled = 1","WinPrintMon://printer#disabled ","","AD/DNS or Base Windows","",3
"WinHostMon://Roles","interval "," 600","[WinHostMon://Roles]#SEP#interval = 600#SEP#disabled = 1#SEP#type = Roles",false,0,"WinHostMon - Host monitoring ",WinHostMon,Roles,"600
disabled = 1
type = Roles","WinHostMon://Roles#interval ","","AD/DNS or Base Windows","",0
"WinHostMon://Roles","disabled "," 1","[WinHostMon://Roles]#SEP#interval = 600#SEP#disabled = 1#SEP#type = Roles",false,0,"WinHostMon - Host monitoring ",WinHostMon,Roles,"600
disabled = 1
type = Roles","WinHostMon://Roles#disabled ","","AD/DNS or Base Windows","",1
"WinHostMon://Roles","type "," Roles","[WinHostMon://Roles]#SEP#interval = 600#SEP#disabled = 1#SEP#type = Roles",false,0,"WinHostMon - Host monitoring ",WinHostMon,Roles,"600
disabled = 1
type = Roles","WinHostMon://Roles#type ","","AD/DNS or Base Windows","",2
"WinHostMon://Driver","interval "," 600","[WinHostMon://Driver]#SEP#interval = 600#SEP#disabled = 1#SEP#type = Driver",false,0,"WinHostMon - Host monitoring ",WinHostMon,Driver,"600
disabled = 1
type = Driver","WinHostMon://Driver#interval ","","AD/DNS or Base Windows","",0
"WinHostMon://Driver","disabled "," 1","[WinHostMon://Driver]#SEP#interval = 600#SEP#disabled = 1#SEP#type = Driver",false,0,"WinHostMon - Host monitoring ",WinHostMon,Driver,"600
disabled = 1
type = Driver","WinHostMon://Driver#disabled ","","AD/DNS or Base Windows","",1
"WinHostMon://Driver","type "," Driver","[WinHostMon://Driver]#SEP#interval = 600#SEP#disabled = 1#SEP#type = Driver",false,0,"WinHostMon - Host monitoring ",WinHostMon,Driver,"600
disabled = 1
type = Driver","WinHostMon://Driver#type ","","AD/DNS or Base Windows","",2
"WinHostMon://Disk","interval "," 600","[WinHostMon://Disk]#SEP#interval = 600#SEP#disabled = 1#SEP#type = Disk",false,0,"WinHostMon - Host monitoring ",WinHostMon,Disk,"600
disabled = 1
type = Disk","WinHostMon://Disk#interval ","","AD/DNS or Base Windows","",0
"WinHostMon://Disk","disabled "," 1","[WinHostMon://Disk]#SEP#interval = 600#SEP#disabled = 1#SEP#type = Disk",false,0,"WinHostMon - Host monitoring ",WinHostMon,Disk,"600
disabled = 1
type = Disk","WinHostMon://Disk#disabled ","","AD/DNS or Base Windows","",1
"WinHostMon://Disk","type "," Disk","[WinHostMon://Disk]#SEP#interval = 600#SEP#disabled = 1#SEP#type = Disk",false,0,"WinHostMon - Host monitoring ",WinHostMon,Disk,"600
disabled = 1
type = Disk","WinHostMon://Disk#type ","","AD/DNS or Base Windows","",2
"WinHostMon://OperatingSystem","interval "," 600","[WinHostMon://OperatingSystem]#SEP#interval = 600#SEP#disabled = 1#SEP#type = OperatingSystem",false,0,"WinHostMon - Host monitoring ",WinHostMon,OperatingSystem,"600
disabled = 1
type = OperatingSystem","WinHostMon://OperatingSystem#interval ","","AD/DNS or Base Windows","",0
"WinHostMon://OperatingSystem","disabled "," 1","[WinHostMon://OperatingSystem]#SEP#interval = 600#SEP#disabled = 1#SEP#type = OperatingSystem",false,0,"WinHostMon - Host monitoring ",WinHostMon,OperatingSystem,"600
disabled = 1
type = OperatingSystem","WinHostMon://OperatingSystem#disabled ","","AD/DNS or Base Windows","",1
"WinHostMon://OperatingSystem","type "," OperatingSystem","[WinHostMon://OperatingSystem]#SEP#interval = 600#SEP#disabled = 1#SEP#type = OperatingSystem",false,0,"WinHostMon - Host monitoring ",WinHostMon,OperatingSystem,"600
disabled = 1
type = OperatingSystem","WinHostMon://OperatingSystem#type ","","AD/DNS or Base Windows","",2
"WinHostMon://Service","interval "," 600","[WinHostMon://Service]#SEP#interval = 600#SEP#disabled = 1#SEP#type = Service",false,0,"WinHostMon - Host monitoring ",WinHostMon,Service,"600
disabled = 1
type = Service","WinHostMon://Service#interval ","","AD/DNS or Base Windows","",0
"WinHostMon://Service","disabled "," 1","[WinHostMon://Service]#SEP#interval = 600#SEP#disabled = 1#SEP#type = Service",false,0,"WinHostMon - Host monitoring ",WinHostMon,Service,"600
disabled = 1
type = Service","WinHostMon://Service#disabled ","","AD/DNS or Base Windows","",1
"WinHostMon://Service","type "," Service","[WinHostMon://Service]#SEP#interval = 600#SEP#disabled = 1#SEP#type = Service",false,0,"WinHostMon - Host monitoring ",WinHostMon,Service,"600
disabled = 1
type = Service","WinHostMon://Service#type ","","AD/DNS or Base Windows","",2
"WinHostMon://NetworkAdapter","interval "," 600","[WinHostMon://NetworkAdapter]#SEP#interval = 600#SEP#disabled = 1#SEP#type = NetworkAdapter",false,0,"WinHostMon - Host monitoring ",WinHostMon,NetworkAdapter,"600
disabled = 1
type = NetworkAdapter","WinHostMon://NetworkAdapter#interval ","","AD/DNS or Base Windows","",0
"WinHostMon://NetworkAdapter","disabled "," 1","[WinHostMon://NetworkAdapter]#SEP#interval = 600#SEP#disabled = 1#SEP#type = NetworkAdapter",false,0,"WinHostMon - Host monitoring ",WinHostMon,NetworkAdapter,"600
disabled = 1
type = NetworkAdapter","WinHostMon://NetworkAdapter#disabled ","","AD/DNS or Base Windows","",1
"WinHostMon://NetworkAdapter","type "," NetworkAdapter","[WinHostMon://NetworkAdapter]#SEP#interval = 600#SEP#disabled = 1#SEP#type = NetworkAdapter",false,0,"WinHostMon - Host monitoring ",WinHostMon,NetworkAdapter,"600
disabled = 1
type = NetworkAdapter","WinHostMon://NetworkAdapter#type ","","AD/DNS or Base Windows","",2
"WinHostMon://Processor","interval "," 600","[WinHostMon://Processor]#SEP#interval = 600#SEP#disabled = 1#SEP#type = Processor",false,0,"WinHostMon - Host monitoring ",WinHostMon,Processor,"600
disabled = 1
type = Processor","WinHostMon://Processor#interval ","","AD/DNS or Base Windows","",0
"WinHostMon://Processor","disabled "," 1","[WinHostMon://Processor]#SEP#interval = 600#SEP#disabled = 1#SEP#type = Processor",false,0,"WinHostMon - Host monitoring ",WinHostMon,Processor,"600
disabled = 1
type = Processor","WinHostMon://Processor#disabled ","","AD/DNS or Base Windows","",1
"WinHostMon://Processor","type "," Processor","[WinHostMon://Processor]#SEP#interval = 600#SEP#disabled = 1#SEP#type = Processor",false,0,"WinHostMon - Host monitoring ",WinHostMon,Processor,"600
disabled = 1
type = Processor","WinHostMon://Processor#type ","","AD/DNS or Base Windows","",2
"WinHostMon://Process","interval "," 600","[WinHostMon://Process]#SEP#interval = 600#SEP#disabled = 1#SEP#type = Process",false,0,"WinHostMon - Host monitoring ",WinHostMon,Process,"600
disabled = 1
type = Process","WinHostMon://Process#interval ","","AD/DNS or Base Windows","",0
"WinHostMon://Process","disabled "," 1","[WinHostMon://Process]#SEP#interval = 600#SEP#disabled = 1#SEP#type = Process",false,0,"WinHostMon - Host monitoring ",WinHostMon,Process,"600
disabled = 1
type = Process","WinHostMon://Process#disabled ","","AD/DNS or Base Windows","",1
"WinHostMon://Process","type "," Process","[WinHostMon://Process]#SEP#interval = 600#SEP#disabled = 1#SEP#type = Process",false,0,"WinHostMon - Host monitoring ",WinHostMon,Process,"600
disabled = 1
type = Process","WinHostMon://Process#type ","","AD/DNS or Base Windows","",2
"WinHostMon://Computer","interval "," 600","[WinHostMon://Computer]#SEP#interval = 600#SEP#disabled = 1#SEP#type = Computer",false,0,"WinHostMon - Host monitoring ",WinHostMon,Computer,"600
disabled = 1
type = Computer","WinHostMon://Computer#interval ","","AD/DNS or Base Windows","",0
"WinHostMon://Computer","disabled "," 1","[WinHostMon://Computer]#SEP#interval = 600#SEP#disabled = 1#SEP#type = Computer",false,0,"WinHostMon - Host monitoring ",WinHostMon,Computer,"600
disabled = 1
type = Computer","WinHostMon://Computer#disabled ","","AD/DNS or Base Windows","",1
"WinHostMon://Computer","type "," Computer","[WinHostMon://Computer]#SEP#interval = 600#SEP#disabled = 1#SEP#type = Computer",false,0,"WinHostMon - Host monitoring ",WinHostMon,Computer,"600
disabled = 1
type = Computer","WinHostMon://Computer#type ","","AD/DNS or Base Windows","",2
"script://.\bin\runpowershell.cmd dns-health.ps1",source,Powershell,"[script://.\bin\runpowershell.cmd dns-health.ps1]#SEP#source=Powershell#SEP#sourcetype=MSAD:NT6:DNS-Health#SEP#interval=3600#SEP#disabled=1",false,0,"script - Scripted/Powershell Mod inputs Active Directory  - DNS Health Information Collection",script,".\bin\runpowershell.cmd dns-health.ps1","Powershell
sourcetype=MSAD:NT6:DNS-Health
interval=3600
disabled=1","script://.\bin\runpowershell.cmd dns-health.ps1#source","","AD/DNS or Base Windows","",0
"script://.\bin\runpowershell.cmd dns-health.ps1",sourcetype,"MSAD:NT6:DNS-Health","[script://.\bin\runpowershell.cmd dns-health.ps1]#SEP#source=Powershell#SEP#sourcetype=MSAD:NT6:DNS-Health#SEP#interval=3600#SEP#disabled=1",false,0,"script - Scripted/Powershell Mod inputs Active Directory  - DNS Health Information Collection",script,".\bin\runpowershell.cmd dns-health.ps1","Powershell
sourcetype=MSAD:NT6:DNS-Health
interval=3600
disabled=1","script://.\bin\runpowershell.cmd dns-health.ps1#sourcetype","","AD/DNS or Base Windows","",1
"script://.\bin\runpowershell.cmd dns-health.ps1",interval,3600,"[script://.\bin\runpowershell.cmd dns-health.ps1]#SEP#source=Powershell#SEP#sourcetype=MSAD:NT6:DNS-Health#SEP#interval=3600#SEP#disabled=1",false,0,"script - Scripted/Powershell Mod inputs Active Directory  - DNS Health Information Collection",script,".\bin\runpowershell.cmd dns-health.ps1","Powershell
sourcetype=MSAD:NT6:DNS-Health
interval=3600
disabled=1","script://.\bin\runpowershell.cmd dns-health.ps1#interval","","AD/DNS or Base Windows","",2
"script://.\bin\runpowershell.cmd dns-health.ps1",disabled,1,"[script://.\bin\runpowershell.cmd dns-health.ps1]#SEP#source=Powershell#SEP#sourcetype=MSAD:NT6:DNS-Health#SEP#interval=3600#SEP#disabled=1",false,0,"script - Scripted/Powershell Mod inputs Active Directory  - DNS Health Information Collection",script,".\bin\runpowershell.cmd dns-health.ps1","Powershell
sourcetype=MSAD:NT6:DNS-Health
interval=3600
disabled=1","script://.\bin\runpowershell.cmd dns-health.ps1#disabled","","AD/DNS or Base Windows","",3
"script://.\bin\runpowershell.cmd dns-zoneinfo.ps1",source,Powershell,"[script://.\bin\runpowershell.cmd dns-zoneinfo.ps1]#SEP#source=Powershell#SEP#sourcetype=MSAD:NT6:DNS-Zone-Information#SEP#interval=3600#SEP#disabled=1",false,0,"script - Scripted Inputs for DNS  - DNS Zone Information Collection",script,".\bin\runpowershell.cmd dns-zoneinfo.ps1","Powershell
sourcetype=MSAD:NT6:DNS-Zone-Information
interval=3600
disabled=1","script://.\bin\runpowershell.cmd dns-zoneinfo.ps1#source","","AD/DNS or Base Windows","",0
"script://.\bin\runpowershell.cmd dns-zoneinfo.ps1",sourcetype,"MSAD:NT6:DNS-Zone-Information","[script://.\bin\runpowershell.cmd dns-zoneinfo.ps1]#SEP#source=Powershell#SEP#sourcetype=MSAD:NT6:DNS-Zone-Information#SEP#interval=3600#SEP#disabled=1",false,0,"script - Scripted Inputs for DNS  - DNS Zone Information Collection",script,".\bin\runpowershell.cmd dns-zoneinfo.ps1","Powershell
sourcetype=MSAD:NT6:DNS-Zone-Information
interval=3600
disabled=1","script://.\bin\runpowershell.cmd dns-zoneinfo.ps1#sourcetype","","AD/DNS or Base Windows","",1
"script://.\bin\runpowershell.cmd dns-zoneinfo.ps1",interval,3600,"[script://.\bin\runpowershell.cmd dns-zoneinfo.ps1]#SEP#source=Powershell#SEP#sourcetype=MSAD:NT6:DNS-Zone-Information#SEP#interval=3600#SEP#disabled=1",false,0,"script - Scripted Inputs for DNS  - DNS Zone Information Collection",script,".\bin\runpowershell.cmd dns-zoneinfo.ps1","Powershell
sourcetype=MSAD:NT6:DNS-Zone-Information
interval=3600
disabled=1","script://.\bin\runpowershell.cmd dns-zoneinfo.ps1#interval","","AD/DNS or Base Windows","",2
"script://.\bin\runpowershell.cmd dns-zoneinfo.ps1",disabled,1,"[script://.\bin\runpowershell.cmd dns-zoneinfo.ps1]#SEP#source=Powershell#SEP#sourcetype=MSAD:NT6:DNS-Zone-Information#SEP#interval=3600#SEP#disabled=1",false,0,"script - Scripted Inputs for DNS  - DNS Zone Information Collection",script,".\bin\runpowershell.cmd dns-zoneinfo.ps1","Powershell
sourcetype=MSAD:NT6:DNS-Zone-Information
interval=3600
disabled=1","script://.\bin\runpowershell.cmd dns-zoneinfo.ps1#disabled","","AD/DNS or Base Windows","",3
"powershell://Siteinfo","script "," & ""$SplunkHome\etc\apps\Splunk_TA_windows\bin\Invoke-MonitoredScript.ps1"" -Command "".\powershell\2012r2-siteinfo.ps1""","[powershell://Siteinfo]#SEP#script = & ""$SplunkHome\etc\apps\Splunk_TA_windows\bin\Invoke-MonitoredScript.ps1"" -Command "".\powershell\2012r2-siteinfo.ps1""#SEP#schedule = 0 15 * ? * *#SEP#source = Powershell#SEP#sourcetype=MSAD:NT6:SiteInfo#SEP#disabled=1",false,0,"powershell - Scripted/Powershell Mod inputs Active Directory  - Site, Site Link and Subnet Information 2012r2 and 2016",powershell,Siteinfo,"& ""","powershell://Siteinfo#script ","","AD/DNS or Base Windows","",0
"powershell://Siteinfo","schedule "," 0 15 * ? * *","[powershell://Siteinfo]#SEP#script = & ""$SplunkHome\etc\apps\Splunk_TA_windows\bin\Invoke-MonitoredScript.ps1"" -Command "".\powershell\2012r2-siteinfo.ps1""#SEP#schedule = 0 15 * ? * *#SEP#source = Powershell#SEP#sourcetype=MSAD:NT6:SiteInfo#SEP#disabled=1",false,0,"powershell - Scripted/Powershell Mod inputs Active Directory  - Site, Site Link and Subnet Information 2012r2 and 2016",powershell,Siteinfo,"& ""","powershell://Siteinfo#schedule ","","AD/DNS or Base Windows","",1
"powershell://Siteinfo","source "," Powershell","[powershell://Siteinfo]#SEP#script = & ""$SplunkHome\etc\apps\Splunk_TA_windows\bin\Invoke-MonitoredScript.ps1"" -Command "".\powershell\2012r2-siteinfo.ps1""#SEP#schedule = 0 15 * ? * *#SEP#source = Powershell#SEP#sourcetype=MSAD:NT6:SiteInfo#SEP#disabled=1",false,0,"powershell - Scripted/Powershell Mod inputs Active Directory  - Site, Site Link and Subnet Information 2012r2 and 2016",powershell,Siteinfo,"& ""","powershell://Siteinfo#source ","","AD/DNS or Base Windows","",2
"powershell://Siteinfo",sourcetype,"MSAD:NT6:SiteInfo","[powershell://Siteinfo]#SEP#script = & ""$SplunkHome\etc\apps\Splunk_TA_windows\bin\Invoke-MonitoredScript.ps1"" -Command "".\powershell\2012r2-siteinfo.ps1""#SEP#schedule = 0 15 * ? * *#SEP#source = Powershell#SEP#sourcetype=MSAD:NT6:SiteInfo#SEP#disabled=1",false,0,"powershell - Scripted/Powershell Mod inputs Active Directory  - Site, Site Link and Subnet Information 2012r2 and 2016",powershell,Siteinfo,"& ""","powershell://Siteinfo#sourcetype","","AD/DNS or Base Windows","",3
"powershell://Siteinfo",disabled,1,"[powershell://Siteinfo]#SEP#script = & ""$SplunkHome\etc\apps\Splunk_TA_windows\bin\Invoke-MonitoredScript.ps1"" -Command "".\powershell\2012r2-siteinfo.ps1""#SEP#schedule = 0 15 * ? * *#SEP#source = Powershell#SEP#sourcetype=MSAD:NT6:SiteInfo#SEP#disabled=1",false,0,"powershell - Scripted/Powershell Mod inputs Active Directory  - Site, Site Link and Subnet Information 2012r2 and 2016",powershell,Siteinfo,"& ""","powershell://Siteinfo#disabled","","AD/DNS or Base Windows","",4
"script://.\bin\runpowershell.cmd nt6-siteinfo.ps1",source,Powershell,"[script://.\bin\runpowershell.cmd nt6-siteinfo.ps1]#SEP#source=Powershell#SEP#sourcetype=MSAD:NT6:SiteInfo#SEP#interval=3600#SEP#disabled=1",false,0,"script - Scripted/Powershell Mod inputs Active Directory  - Site, Site Link and Subnet Information NT6",script,".\bin\runpowershell.cmd nt6-siteinfo.ps1","Powershell
sourcetype=MSAD:NT6:SiteInfo
interval=3600
disabled=1","script://.\bin\runpowershell.cmd nt6-siteinfo.ps1#source","","AD/DNS or Base Windows","",0
"script://.\bin\runpowershell.cmd nt6-siteinfo.ps1",sourcetype,"MSAD:NT6:SiteInfo","[script://.\bin\runpowershell.cmd nt6-siteinfo.ps1]#SEP#source=Powershell#SEP#sourcetype=MSAD:NT6:SiteInfo#SEP#interval=3600#SEP#disabled=1",false,0,"script - Scripted/Powershell Mod inputs Active Directory  - Site, Site Link and Subnet Information NT6",script,".\bin\runpowershell.cmd nt6-siteinfo.ps1","Powershell
sourcetype=MSAD:NT6:SiteInfo
interval=3600
disabled=1","script://.\bin\runpowershell.cmd nt6-siteinfo.ps1#sourcetype","","AD/DNS or Base Windows","",1
"script://.\bin\runpowershell.cmd nt6-siteinfo.ps1",interval,3600,"[script://.\bin\runpowershell.cmd nt6-siteinfo.ps1]#SEP#source=Powershell#SEP#sourcetype=MSAD:NT6:SiteInfo#SEP#interval=3600#SEP#disabled=1",false,0,"script - Scripted/Powershell Mod inputs Active Directory  - Site, Site Link and Subnet Information NT6",script,".\bin\runpowershell.cmd nt6-siteinfo.ps1","Powershell
sourcetype=MSAD:NT6:SiteInfo
interval=3600
disabled=1","script://.\bin\runpowershell.cmd nt6-siteinfo.ps1#interval","","AD/DNS or Base Windows","",2
"script://.\bin\runpowershell.cmd nt6-siteinfo.ps1",disabled,1,"[script://.\bin\runpowershell.cmd nt6-siteinfo.ps1]#SEP#source=Powershell#SEP#sourcetype=MSAD:NT6:SiteInfo#SEP#interval=3600#SEP#disabled=1",false,0,"script - Scripted/Powershell Mod inputs Active Directory  - Site, Site Link and Subnet Information NT6",script,".\bin\runpowershell.cmd nt6-siteinfo.ps1","Powershell
sourcetype=MSAD:NT6:SiteInfo
interval=3600
disabled=1","script://.\bin\runpowershell.cmd nt6-siteinfo.ps1#disabled","","AD/DNS or Base Windows","",3
"powershell://AD-Health","script "," & ""$SplunkHome\etc\apps\Splunk_TA_windows\bin\Invoke-MonitoredScript.ps1"" -Command "".\powershell\2012r2-health.ps1""","[powershell://AD-Health]#SEP#script = & ""$SplunkHome\etc\apps\Splunk_TA_windows\bin\Invoke-MonitoredScript.ps1"" -Command "".\powershell\2012r2-health.ps1""#SEP#schedule = 0 */5 * ? * *#SEP#source=Powershell#SEP#sourcetype=MSAD:NT6:Health#SEP#disabled=1",false,0,"powershell - Scripted/Powershell Mod inputs Active Directory  - Health and Topology Information 2012r2 and 2016",powershell,"AD-Health","& ""","powershell://AD-Health#script ","","AD/DNS or Base Windows","",0
"powershell://AD-Health","schedule "," 0 */5 * ? * *","[powershell://AD-Health]#SEP#script = & ""$SplunkHome\etc\apps\Splunk_TA_windows\bin\Invoke-MonitoredScript.ps1"" -Command "".\powershell\2012r2-health.ps1""#SEP#schedule = 0 */5 * ? * *#SEP#source=Powershell#SEP#sourcetype=MSAD:NT6:Health#SEP#disabled=1",false,0,"powershell - Scripted/Powershell Mod inputs Active Directory  - Health and Topology Information 2012r2 and 2016",powershell,"AD-Health","& ""","powershell://AD-Health#schedule ","","AD/DNS or Base Windows","",1
"powershell://AD-Health",source,Powershell,"[powershell://AD-Health]#SEP#script = & ""$SplunkHome\etc\apps\Splunk_TA_windows\bin\Invoke-MonitoredScript.ps1"" -Command "".\powershell\2012r2-health.ps1""#SEP#schedule = 0 */5 * ? * *#SEP#source=Powershell#SEP#sourcetype=MSAD:NT6:Health#SEP#disabled=1",false,0,"powershell - Scripted/Powershell Mod inputs Active Directory  - Health and Topology Information 2012r2 and 2016",powershell,"AD-Health","& ""","powershell://AD-Health#source","","AD/DNS or Base Windows","",2
"powershell://AD-Health",sourcetype,"MSAD:NT6:Health","[powershell://AD-Health]#SEP#script = & ""$SplunkHome\etc\apps\Splunk_TA_windows\bin\Invoke-MonitoredScript.ps1"" -Command "".\powershell\2012r2-health.ps1""#SEP#schedule = 0 */5 * ? * *#SEP#source=Powershell#SEP#sourcetype=MSAD:NT6:Health#SEP#disabled=1",false,0,"powershell - Scripted/Powershell Mod inputs Active Directory  - Health and Topology Information 2012r2 and 2016",powershell,"AD-Health","& ""","powershell://AD-Health#sourcetype","","AD/DNS or Base Windows","",3
"powershell://AD-Health",disabled,1,"[powershell://AD-Health]#SEP#script = & ""$SplunkHome\etc\apps\Splunk_TA_windows\bin\Invoke-MonitoredScript.ps1"" -Command "".\powershell\2012r2-health.ps1""#SEP#schedule = 0 */5 * ? * *#SEP#source=Powershell#SEP#sourcetype=MSAD:NT6:Health#SEP#disabled=1",false,0,"powershell - Scripted/Powershell Mod inputs Active Directory  - Health and Topology Information 2012r2 and 2016",powershell,"AD-Health","& ""","powershell://AD-Health#disabled","","AD/DNS or Base Windows","",4
"script://.\bin\runpowershell.cmd nt6-health.ps1",source,Powershell,"[script://.\bin\runpowershell.cmd nt6-health.ps1]#SEP#source=Powershell#SEP#sourcetype=MSAD:NT6:Health#SEP#interval=300#SEP#disabled=1",false,0,"script - Scripted/Powershell Mod inputs Active Directory  - Health and Topology Information NT6",script,".\bin\runpowershell.cmd nt6-health.ps1","Powershell
sourcetype=MSAD:NT6:Health
interval=300
disabled=1","script://.\bin\runpowershell.cmd nt6-health.ps1#source","","AD/DNS or Base Windows","",0
"script://.\bin\runpowershell.cmd nt6-health.ps1",sourcetype,"MSAD:NT6:Health","[script://.\bin\runpowershell.cmd nt6-health.ps1]#SEP#source=Powershell#SEP#sourcetype=MSAD:NT6:Health#SEP#interval=300#SEP#disabled=1",false,0,"script - Scripted/Powershell Mod inputs Active Directory  - Health and Topology Information NT6",script,".\bin\runpowershell.cmd nt6-health.ps1","Powershell
sourcetype=MSAD:NT6:Health
interval=300
disabled=1","script://.\bin\runpowershell.cmd nt6-health.ps1#sourcetype","","AD/DNS or Base Windows","",1
"script://.\bin\runpowershell.cmd nt6-health.ps1",interval,300,"[script://.\bin\runpowershell.cmd nt6-health.ps1]#SEP#source=Powershell#SEP#sourcetype=MSAD:NT6:Health#SEP#interval=300#SEP#disabled=1",false,0,"script - Scripted/Powershell Mod inputs Active Directory  - Health and Topology Information NT6",script,".\bin\runpowershell.cmd nt6-health.ps1","Powershell
sourcetype=MSAD:NT6:Health
interval=300
disabled=1","script://.\bin\runpowershell.cmd nt6-health.ps1#interval","","AD/DNS or Base Windows","",2
"script://.\bin\runpowershell.cmd nt6-health.ps1",disabled,1,"[script://.\bin\runpowershell.cmd nt6-health.ps1]#SEP#source=Powershell#SEP#sourcetype=MSAD:NT6:Health#SEP#interval=300#SEP#disabled=1",false,0,"script - Scripted/Powershell Mod inputs Active Directory  - Health and Topology Information NT6",script,".\bin\runpowershell.cmd nt6-health.ps1","Powershell
sourcetype=MSAD:NT6:Health
interval=300
disabled=1","script://.\bin\runpowershell.cmd nt6-health.ps1#disabled","","AD/DNS or Base Windows","",3
"powershell://Replication-Stats","script "," & ""$SplunkHome\etc\apps\Splunk_TA_windows\bin\Invoke-MonitoredScript.ps1"" -Command "".\powershell\2012r2-repl-stats.ps1""","[powershell://Replication-Stats]#SEP#script = & ""$SplunkHome\etc\apps\Splunk_TA_windows\bin\Invoke-MonitoredScript.ps1"" -Command "".\powershell\2012r2-repl-stats.ps1""#SEP#schedule = 0 */5 * ? * *#SEP#source = Powershell#SEP#sourcetype=MSAD:NT6:Replication#SEP#disabled=1",false,0,"powershell - Scripted/Powershell Mod inputs Active Directory  - Replication Information 2012r2 and 2016",powershell,"Replication-Stats","& ""","powershell://Replication-Stats#script ","","AD/DNS or Base Windows","",0
"powershell://Replication-Stats","schedule "," 0 */5 * ? * *","[powershell://Replication-Stats]#SEP#script = & ""$SplunkHome\etc\apps\Splunk_TA_windows\bin\Invoke-MonitoredScript.ps1"" -Command "".\powershell\2012r2-repl-stats.ps1""#SEP#schedule = 0 */5 * ? * *#SEP#source = Powershell#SEP#sourcetype=MSAD:NT6:Replication#SEP#disabled=1",false,0,"powershell - Scripted/Powershell Mod inputs Active Directory  - Replication Information 2012r2 and 2016",powershell,"Replication-Stats","& ""","powershell://Replication-Stats#schedule ","","AD/DNS or Base Windows","",1
"powershell://Replication-Stats","source "," Powershell","[powershell://Replication-Stats]#SEP#script = & ""$SplunkHome\etc\apps\Splunk_TA_windows\bin\Invoke-MonitoredScript.ps1"" -Command "".\powershell\2012r2-repl-stats.ps1""#SEP#schedule = 0 */5 * ? * *#SEP#source = Powershell#SEP#sourcetype=MSAD:NT6:Replication#SEP#disabled=1",false,0,"powershell - Scripted/Powershell Mod inputs Active Directory  - Replication Information 2012r2 and 2016",powershell,"Replication-Stats","& ""","powershell://Replication-Stats#source ","","AD/DNS or Base Windows","",2
"powershell://Replication-Stats",sourcetype,"MSAD:NT6:Replication","[powershell://Replication-Stats]#SEP#script = & ""$SplunkHome\etc\apps\Splunk_TA_windows\bin\Invoke-MonitoredScript.ps1"" -Command "".\powershell\2012r2-repl-stats.ps1""#SEP#schedule = 0 */5 * ? * *#SEP#source = Powershell#SEP#sourcetype=MSAD:NT6:Replication#SEP#disabled=1",false,0,"powershell - Scripted/Powershell Mod inputs Active Directory  - Replication Information 2012r2 and 2016",powershell,"Replication-Stats","& ""","powershell://Replication-Stats#sourcetype","","AD/DNS or Base Windows","",3
"powershell://Replication-Stats",disabled,1,"[powershell://Replication-Stats]#SEP#script = & ""$SplunkHome\etc\apps\Splunk_TA_windows\bin\Invoke-MonitoredScript.ps1"" -Command "".\powershell\2012r2-repl-stats.ps1""#SEP#schedule = 0 */5 * ? * *#SEP#source = Powershell#SEP#sourcetype=MSAD:NT6:Replication#SEP#disabled=1",false,0,"powershell - Scripted/Powershell Mod inputs Active Directory  - Replication Information 2012r2 and 2016",powershell,"Replication-Stats","& ""","powershell://Replication-Stats#disabled","","AD/DNS or Base Windows","",4
"script://.\bin\runpowershell.cmd nt6-repl-stat.ps1",source,Powershell,"[script://.\bin\runpowershell.cmd nt6-repl-stat.ps1]#SEP#source=Powershell#SEP#sourcetype=MSAD:NT6:Replication#SEP#interval=300#SEP#disabled=1",false,0,"script - Scripted/Powershell Mod inputs Active Directory  -  Replication Information NT6",script,".\bin\runpowershell.cmd nt6-repl-stat.ps1","Powershell
sourcetype=MSAD:NT6:Replication
interval=300
disabled=1","script://.\bin\runpowershell.cmd nt6-repl-stat.ps1#source","","AD/DNS or Base Windows","",0
"script://.\bin\runpowershell.cmd nt6-repl-stat.ps1",sourcetype,"MSAD:NT6:Replication","[script://.\bin\runpowershell.cmd nt6-repl-stat.ps1]#SEP#source=Powershell#SEP#sourcetype=MSAD:NT6:Replication#SEP#interval=300#SEP#disabled=1",false,0,"script - Scripted/Powershell Mod inputs Active Directory  -  Replication Information NT6",script,".\bin\runpowershell.cmd nt6-repl-stat.ps1","Powershell
sourcetype=MSAD:NT6:Replication
interval=300
disabled=1","script://.\bin\runpowershell.cmd nt6-repl-stat.ps1#sourcetype","","AD/DNS or Base Windows","",1
"script://.\bin\runpowershell.cmd nt6-repl-stat.ps1",interval,300,"[script://.\bin\runpowershell.cmd nt6-repl-stat.ps1]#SEP#source=Powershell#SEP#sourcetype=MSAD:NT6:Replication#SEP#interval=300#SEP#disabled=1",false,0,"script - Scripted/Powershell Mod inputs Active Directory  -  Replication Information NT6",script,".\bin\runpowershell.cmd nt6-repl-stat.ps1","Powershell
sourcetype=MSAD:NT6:Replication
interval=300
disabled=1","script://.\bin\runpowershell.cmd nt6-repl-stat.ps1#interval","","AD/DNS or Base Windows","",2
"script://.\bin\runpowershell.cmd nt6-repl-stat.ps1",disabled,1,"[script://.\bin\runpowershell.cmd nt6-repl-stat.ps1]#SEP#source=Powershell#SEP#sourcetype=MSAD:NT6:Replication#SEP#interval=300#SEP#disabled=1",false,0,"script - Scripted/Powershell Mod inputs Active Directory  -  Replication Information NT6",script,".\bin\runpowershell.cmd nt6-repl-stat.ps1","Powershell
sourcetype=MSAD:NT6:Replication
interval=300
disabled=1","script://.\bin\runpowershell.cmd nt6-repl-stat.ps1#disabled","","AD/DNS or Base Windows","",3
"script://.\bin\netsh_address.bat","disabled "," 1","[script://.\bin\netsh_address.bat]#SEP#disabled = 1#SEP###SubHeader## Run once per day#SEP#interval = 86400#SEP#sourcetype = Script:NetworkConfiguration",false,0,,script,".\bin\netsh_address.bat","1
##SubHeader## Run once per day
interval = 86400
sourcetype = Script:NetworkConfiguration","script://.\bin\netsh_address.bat#disabled ","","AD/DNS or Base Windows","",0
"script://.\bin\netsh_address.bat",,,"[script://.\bin\netsh_address.bat]#SEP#disabled = 1#SEP###SubHeader## Run once per day#SEP#interval = 86400#SEP#sourcetype = Script:NetworkConfiguration",false,0,,script,".\bin\netsh_address.bat","1
##SubHeader## Run once per day
interval = 86400
sourcetype = Script:NetworkConfiguration",,"","AD/DNS or Base Windows","",1
"script://.\bin\netsh_address.bat","interval "," 86400","[script://.\bin\netsh_address.bat]#SEP#disabled = 1#SEP###SubHeader## Run once per day#SEP#interval = 86400#SEP#sourcetype = Script:NetworkConfiguration",false,0,,script,".\bin\netsh_address.bat","1
##SubHeader## Run once per day
interval = 86400
sourcetype = Script:NetworkConfiguration","script://.\bin\netsh_address.bat#interval ","","AD/DNS or Base Windows","",2
"script://.\bin\netsh_address.bat","sourcetype "," Script:NetworkConfiguration","[script://.\bin\netsh_address.bat]#SEP#disabled = 1#SEP###SubHeader## Run once per day#SEP#interval = 86400#SEP#sourcetype = Script:NetworkConfiguration",false,0,,script,".\bin\netsh_address.bat","1
##SubHeader## Run once per day
interval = 86400
sourcetype = Script:NetworkConfiguration","script://.\bin\netsh_address.bat#sourcetype ","","AD/DNS or Base Windows","",3
"script://.\bin\win_timesync_configuration.bat","disabled "," 1","[script://.\bin\win_timesync_configuration.bat]#SEP#disabled = 1#SEP###SubHeader## Run once per hour#SEP#interval = 3600#SEP#sourcetype = Script:TimesyncConfiguration",false,0,,script,".\bin\win_timesync_configuration.bat","1
##SubHeader## Run once per hour
interval = 3600
sourcetype = Script:TimesyncConfiguration","script://.\bin\win_timesync_configuration.bat#disabled ","","AD/DNS or Base Windows","",0
"script://.\bin\win_timesync_configuration.bat",,,"[script://.\bin\win_timesync_configuration.bat]#SEP#disabled = 1#SEP###SubHeader## Run once per hour#SEP#interval = 3600#SEP#sourcetype = Script:TimesyncConfiguration",false,0,,script,".\bin\win_timesync_configuration.bat","1
##SubHeader## Run once per hour
interval = 3600
sourcetype = Script:TimesyncConfiguration",,"","AD/DNS or Base Windows","",1
"script://.\bin\win_timesync_configuration.bat","interval "," 3600","[script://.\bin\win_timesync_configuration.bat]#SEP#disabled = 1#SEP###SubHeader## Run once per hour#SEP#interval = 3600#SEP#sourcetype = Script:TimesyncConfiguration",false,0,,script,".\bin\win_timesync_configuration.bat","1
##SubHeader## Run once per hour
interval = 3600
sourcetype = Script:TimesyncConfiguration","script://.\bin\win_timesync_configuration.bat#interval ","","AD/DNS or Base Windows","",2
"script://.\bin\win_timesync_configuration.bat","sourcetype "," Script:TimesyncConfiguration","[script://.\bin\win_timesync_configuration.bat]#SEP#disabled = 1#SEP###SubHeader## Run once per hour#SEP#interval = 3600#SEP#sourcetype = Script:TimesyncConfiguration",false,0,,script,".\bin\win_timesync_configuration.bat","1
##SubHeader## Run once per hour
interval = 3600
sourcetype = Script:TimesyncConfiguration","script://.\bin\win_timesync_configuration.bat#sourcetype ","","AD/DNS or Base Windows","",3
"script://.\bin\win_timesync_status.bat","disabled "," 1","[script://.\bin\win_timesync_status.bat]#SEP#disabled = 1#SEP###SubHeader## Run once per hour#SEP#interval = 3600#SEP#sourcetype = Script:TimesyncStatus",false,0,"script - TimeSync Status Script - Run once per hour",script,".\bin\win_timesync_status.bat","1
##SubHeader## Run once per hour
interval = 3600
sourcetype = Script:TimesyncStatus","script://.\bin\win_timesync_status.bat#disabled ","","AD/DNS or Base Windows","",0
"script://.\bin\win_timesync_status.bat",,,"[script://.\bin\win_timesync_status.bat]#SEP#disabled = 1#SEP###SubHeader## Run once per hour#SEP#interval = 3600#SEP#sourcetype = Script:TimesyncStatus",false,0,"script - TimeSync Status Script - Run once per hour",script,".\bin\win_timesync_status.bat","1
##SubHeader## Run once per hour
interval = 3600
sourcetype = Script:TimesyncStatus",,"","AD/DNS or Base Windows","",1
"script://.\bin\win_timesync_status.bat","interval "," 3600","[script://.\bin\win_timesync_status.bat]#SEP#disabled = 1#SEP###SubHeader## Run once per hour#SEP#interval = 3600#SEP#sourcetype = Script:TimesyncStatus",false,0,"script - TimeSync Status Script - Run once per hour",script,".\bin\win_timesync_status.bat","1
##SubHeader## Run once per hour
interval = 3600
sourcetype = Script:TimesyncStatus","script://.\bin\win_timesync_status.bat#interval ","","AD/DNS or Base Windows","",2
"script://.\bin\win_timesync_status.bat","sourcetype "," Script:TimesyncStatus","[script://.\bin\win_timesync_status.bat]#SEP#disabled = 1#SEP###SubHeader## Run once per hour#SEP#interval = 3600#SEP#sourcetype = Script:TimesyncStatus",false,0,"script - TimeSync Status Script - Run once per hour",script,".\bin\win_timesync_status.bat","1
##SubHeader## Run once per hour
interval = 3600
sourcetype = Script:TimesyncStatus","script://.\bin\win_timesync_status.bat#sourcetype ","","AD/DNS or Base Windows","",3
"script://.\bin\win_installed_apps.bat","disabled "," 1","[script://.\bin\win_installed_apps.bat]#SEP#disabled = 1#SEP###SubHeader## Run once per day#SEP#interval = 86400#SEP#sourcetype = Script:InstalledApps",false,0,,script,".\bin\win_installed_apps.bat","1
##SubHeader## Run once per day
interval = 86400
sourcetype = Script:InstalledApps","script://.\bin\win_installed_apps.bat#disabled ","","AD/DNS or Base Windows","",0
"script://.\bin\win_installed_apps.bat",,,"[script://.\bin\win_installed_apps.bat]#SEP#disabled = 1#SEP###SubHeader## Run once per day#SEP#interval = 86400#SEP#sourcetype = Script:InstalledApps",false,0,,script,".\bin\win_installed_apps.bat","1
##SubHeader## Run once per day
interval = 86400
sourcetype = Script:InstalledApps",,"","AD/DNS or Base Windows","",1
"script://.\bin\win_installed_apps.bat","interval "," 86400","[script://.\bin\win_installed_apps.bat]#SEP#disabled = 1#SEP###SubHeader## Run once per day#SEP#interval = 86400#SEP#sourcetype = Script:InstalledApps",false,0,,script,".\bin\win_installed_apps.bat","1
##SubHeader## Run once per day
interval = 86400
sourcetype = Script:InstalledApps","script://.\bin\win_installed_apps.bat#interval ","","AD/DNS or Base Windows","",2
"script://.\bin\win_installed_apps.bat","sourcetype "," Script:InstalledApps","[script://.\bin\win_installed_apps.bat]#SEP#disabled = 1#SEP###SubHeader## Run once per day#SEP#interval = 86400#SEP#sourcetype = Script:InstalledApps",false,0,,script,".\bin\win_installed_apps.bat","1
##SubHeader## Run once per day
interval = 86400
sourcetype = Script:InstalledApps","script://.\bin\win_installed_apps.bat#sourcetype ","","AD/DNS or Base Windows","",3
"script://.\bin\win_listening_ports.bat","disabled "," 1","[script://.\bin\win_listening_ports.bat]#SEP#disabled = 1#SEP###SubHeader## Run once per hour#SEP#interval = 3600#SEP#sourcetype = Script:ListeningPorts",false,0,"script - Scripted Input  - Run once per hour",script,".\bin\win_listening_ports.bat","1
##SubHeader## Run once per hour
interval = 3600
sourcetype = Script:ListeningPorts","script://.\bin\win_listening_ports.bat#disabled ","","AD/DNS or Base Windows","",0
"script://.\bin\win_listening_ports.bat",,,"[script://.\bin\win_listening_ports.bat]#SEP#disabled = 1#SEP###SubHeader## Run once per hour#SEP#interval = 3600#SEP#sourcetype = Script:ListeningPorts",false,0,"script - Scripted Input  - Run once per hour",script,".\bin\win_listening_ports.bat","1
##SubHeader## Run once per hour
interval = 3600
sourcetype = Script:ListeningPorts",,"","AD/DNS or Base Windows","",1
"script://.\bin\win_listening_ports.bat","interval "," 3600","[script://.\bin\win_listening_ports.bat]#SEP#disabled = 1#SEP###SubHeader## Run once per hour#SEP#interval = 3600#SEP#sourcetype = Script:ListeningPorts",false,0,"script - Scripted Input  - Run once per hour",script,".\bin\win_listening_ports.bat","1
##SubHeader## Run once per hour
interval = 3600
sourcetype = Script:ListeningPorts","script://.\bin\win_listening_ports.bat#interval ","","AD/DNS or Base Windows","",2
"script://.\bin\win_listening_ports.bat","sourcetype "," Script:ListeningPorts","[script://.\bin\win_listening_ports.bat]#SEP#disabled = 1#SEP###SubHeader## Run once per hour#SEP#interval = 3600#SEP#sourcetype = Script:ListeningPorts",false,0,"script - Scripted Input  - Run once per hour",script,".\bin\win_listening_ports.bat","1
##SubHeader## Run once per hour
interval = 3600
sourcetype = Script:ListeningPorts","script://.\bin\win_listening_ports.bat#sourcetype ","","AD/DNS or Base Windows","",3
"MonitorNoHandle://$WINDIR\System32\Dns\dns.log",sourcetype,"MSAD:NT6:DNS","[MonitorNoHandle://$WINDIR\System32\Dns\dns.log]#SEP#sourcetype=MSAD:NT6:DNS#SEP#disabled=1",false,0,"MonitorNoHandle - Monitor Inputs for DNS ",MonitorNoHandle,,"MSAD:NT6:DNS
disabled=1","MonitorNoHandle://$WINDIR\System32\Dns\dns.log#sourcetype","","AD/DNS or Base Windows","",0
"MonitorNoHandle://$WINDIR\System32\Dns\dns.log",disabled,1,"[MonitorNoHandle://$WINDIR\System32\Dns\dns.log]#SEP#sourcetype=MSAD:NT6:DNS#SEP#disabled=1",false,0,"MonitorNoHandle - Monitor Inputs for DNS ",MonitorNoHandle,,"MSAD:NT6:DNS
disabled=1","MonitorNoHandle://$WINDIR\System32\Dns\dns.log#disabled","","AD/DNS or Base Windows","",1
"monitor://$WINDIR\debug\netlogon.log",sourcetype,"MSAD:NT6:Netlogon","[monitor://$WINDIR\debug\netlogon.log]#SEP#sourcetype=MSAD:NT6:Netlogon#SEP#disabled=1",false,0,"monitor - Monitor Inputs for Active Directory ",monitor,,"MSAD:NT6:Netlogon
disabled=1","monitor://$WINDIR\debug\netlogon.log#sourcetype","","AD/DNS or Base Windows","",0
"monitor://$WINDIR\debug\netlogon.log",disabled,1,"[monitor://$WINDIR\debug\netlogon.log]#SEP#sourcetype=MSAD:NT6:Netlogon#SEP#disabled=1",false,0,"monitor - Monitor Inputs for Active Directory ",monitor,,"MSAD:NT6:Netlogon
disabled=1","monitor://$WINDIR\debug\netlogon.log#disabled","","AD/DNS or Base Windows","",1
"monitor://$SPLUNK_HOME\var\log\Splunk_TA_windows\WindowsUpdate.log","disabled "," 1","[monitor://$SPLUNK_HOME\var\log\Splunk_TA_windows\WindowsUpdate.log]#SEP#disabled = 1#SEP#sourcetype = WindowsUpdateLog",false,0,"monitor - Windows Update Log  - Below stanza will monitor the generated WindowsUpdate.log in Windows 10 and Server 2016",monitor,,"1
sourcetype = WindowsUpdateLog","monitor://$SPLUNK_HOME\var\log\Splunk_TA_windows\WindowsUpdate.log#disabled ","","AD/DNS or Base Windows","",0
"monitor://$SPLUNK_HOME\var\log\Splunk_TA_windows\WindowsUpdate.log","sourcetype "," WindowsUpdateLog","[monitor://$SPLUNK_HOME\var\log\Splunk_TA_windows\WindowsUpdate.log]#SEP#disabled = 1#SEP#sourcetype = WindowsUpdateLog",false,0,"monitor - Windows Update Log  - Below stanza will monitor the generated WindowsUpdate.log in Windows 10 and Server 2016",monitor,,"1
sourcetype = WindowsUpdateLog","monitor://$SPLUNK_HOME\var\log\Splunk_TA_windows\WindowsUpdate.log#sourcetype ","","AD/DNS or Base Windows","",1
"powershell://generate_windows_update_logs","script "," .""$SplunkHome\etc\apps\Splunk_TA_windows\bin\powershell\generate_windows_update_logs.ps1""","[powershell://generate_windows_update_logs]#SEP#script = .""$SplunkHome\etc\apps\Splunk_TA_windows\bin\powershell\generate_windows_update_logs.ps1""#SEP#schedule = 0 */24 * * *#SEP#disabled = 1",false,0,"powershell - Windows Update Log  - Enable below powershell and monitor stanzas to get WindowsUpdate.log for Windows 10 and Server 2016",powershell,"generate_windows_update_logs",".""","powershell://generate_windows_update_logs#script ","","AD/DNS or Base Windows","",0
"powershell://generate_windows_update_logs","schedule "," 0 */24 * * *","[powershell://generate_windows_update_logs]#SEP#script = .""$SplunkHome\etc\apps\Splunk_TA_windows\bin\powershell\generate_windows_update_logs.ps1""#SEP#schedule = 0 */24 * * *#SEP#disabled = 1",false,0,"powershell - Windows Update Log  - Enable below powershell and monitor stanzas to get WindowsUpdate.log for Windows 10 and Server 2016",powershell,"generate_windows_update_logs",".""","powershell://generate_windows_update_logs#schedule ","","AD/DNS or Base Windows","",1
"powershell://generate_windows_update_logs","disabled "," 1","[powershell://generate_windows_update_logs]#SEP#script = .""$SplunkHome\etc\apps\Splunk_TA_windows\bin\powershell\generate_windows_update_logs.ps1""#SEP#schedule = 0 */24 * * *#SEP#disabled = 1",false,0,"powershell - Windows Update Log  - Enable below powershell and monitor stanzas to get WindowsUpdate.log for Windows 10 and Server 2016",powershell,"generate_windows_update_logs",".""","powershell://generate_windows_update_logs#disabled ","","AD/DNS or Base Windows","",2
"monitor://$WINDIR\WindowsUpdate.log","disabled "," 1","[monitor://$WINDIR\WindowsUpdate.log]#SEP#disabled = 1#SEP#sourcetype = WindowsUpdateLog",false,0,"monitor - Windows Update Log  - Enable below stanza to get WindowsUpdate.log for Windows 8, Windows 8.1, Server 2008R2, Server 2012 and Server 2012R2",monitor,,"1
sourcetype = WindowsUpdateLog","monitor://$WINDIR\WindowsUpdate.log#disabled ","","AD/DNS or Base Windows","",0
"monitor://$WINDIR\WindowsUpdate.log","sourcetype "," WindowsUpdateLog","[monitor://$WINDIR\WindowsUpdate.log]#SEP#disabled = 1#SEP#sourcetype = WindowsUpdateLog",false,0,"monitor - Windows Update Log  - Enable below stanza to get WindowsUpdate.log for Windows 8, Windows 8.1, Server 2008R2, Server 2012 and Server 2012R2",monitor,,"1
sourcetype = WindowsUpdateLog","monitor://$WINDIR\WindowsUpdate.log#sourcetype ","","AD/DNS or Base Windows","",1
"monitor://$WINDIR\System32\DHCP","disabled "," 1","[monitor://$WINDIR\System32\DHCP]#SEP#disabled = 1#SEP#whitelist = DhcpSrvLog*#SEP#crcSalt = <SOURCE>#SEP#sourcetype = DhcpSrvLog",false,0,"monitor - DHCP ",monitor,,"1
whitelist = DhcpSrvLog*
crcSalt = <SOURCE>
sourcetype = DhcpSrvLog","monitor://$WINDIR\System32\DHCP#disabled ","","AD/DNS or Base Windows","",0
"monitor://$WINDIR\System32\DHCP","whitelist "," DhcpSrvLog*","[monitor://$WINDIR\System32\DHCP]#SEP#disabled = 1#SEP#whitelist = DhcpSrvLog*#SEP#crcSalt = <SOURCE>#SEP#sourcetype = DhcpSrvLog",false,0,"monitor - DHCP ",monitor,,"1
whitelist = DhcpSrvLog*
crcSalt = <SOURCE>
sourcetype = DhcpSrvLog","monitor://$WINDIR\System32\DHCP#whitelist ","","AD/DNS or Base Windows","",1
"monitor://$WINDIR\System32\DHCP","crcSalt "," <SOURCE>","[monitor://$WINDIR\System32\DHCP]#SEP#disabled = 1#SEP#whitelist = DhcpSrvLog*#SEP#crcSalt = <SOURCE>#SEP#sourcetype = DhcpSrvLog",false,0,"monitor - DHCP ",monitor,,"1
whitelist = DhcpSrvLog*
crcSalt = <SOURCE>
sourcetype = DhcpSrvLog","monitor://$WINDIR\System32\DHCP#crcSalt ","","AD/DNS or Base Windows","",2
"monitor://$WINDIR\System32\DHCP","sourcetype "," DhcpSrvLog","[monitor://$WINDIR\System32\DHCP]#SEP#disabled = 1#SEP#whitelist = DhcpSrvLog*#SEP#crcSalt = <SOURCE>#SEP#sourcetype = DhcpSrvLog",false,0,"monitor - DHCP ",monitor,,"1
whitelist = DhcpSrvLog*
crcSalt = <SOURCE>
sourcetype = DhcpSrvLog","monitor://$WINDIR\System32\DHCP#sourcetype ","","AD/DNS or Base Windows","",3
"WinEventLog://DNS Server",disabled,1,"[WinEventLog://DNS Server]#SEP#disabled=1#SEP#renderXml=true",false,0,"WinEventLog - WinEventLog Inputs for DNS ",WinEventLog,"DNS Server","1
renderXml=true","WinEventLog://DNS Server#disabled","","AD/DNS or Base Windows","",0
"WinEventLog://DNS Server",renderXml,true,"[WinEventLog://DNS Server]#SEP#disabled=1#SEP#renderXml=true",false,0,"WinEventLog - WinEventLog Inputs for DNS ",WinEventLog,"DNS Server","1
renderXml=true","WinEventLog://DNS Server#renderXml","","AD/DNS or Base Windows","",1
"WinEventLog://Key Management Service","disabled "," 1","[WinEventLog://Key Management Service]#SEP#disabled = 1#SEP#renderXml=true",false,0,"WinEventLog - WinEventLog Inputs for Active Directory  - Application and Services Logs - Key Management Service",WinEventLog,"Key Management Service","1
renderXml=true","WinEventLog://Key Management Service#disabled ","","AD/DNS or Base Windows","",0
"WinEventLog://Key Management Service",renderXml,true,"[WinEventLog://Key Management Service]#SEP#disabled = 1#SEP#renderXml=true",false,0,"WinEventLog - WinEventLog Inputs for Active Directory  - Application and Services Logs - Key Management Service",WinEventLog,"Key Management Service","1
renderXml=true","WinEventLog://Key Management Service#renderXml","","AD/DNS or Base Windows","",1
"WinEventLog://File Replication Service","disabled "," 1","[WinEventLog://File Replication Service]#SEP#disabled = 1#SEP#renderXml=true",false,0,,WinEventLog,"File Replication Service","1
renderXml=true","WinEventLog://File Replication Service#disabled ","","AD/DNS or Base Windows","",0
"WinEventLog://File Replication Service",renderXml,true,"[WinEventLog://File Replication Service]#SEP#disabled = 1#SEP#renderXml=true",false,0,,WinEventLog,"File Replication Service","1
renderXml=true","WinEventLog://File Replication Service#renderXml","","AD/DNS or Base Windows","",1
"WinEventLog://Directory Service","disabled "," 1","[WinEventLog://Directory Service]#SEP#disabled = 1#SEP#renderXml=true",false,0,"WinEventLog - WinEventLog Inputs for Active Directory  - Application and Services Logs - Directory Service",WinEventLog,"Directory Service","1
renderXml=true","WinEventLog://Directory Service#disabled ","","AD/DNS or Base Windows","",0
"WinEventLog://Directory Service",renderXml,true,"[WinEventLog://Directory Service]#SEP#disabled = 1#SEP#renderXml=true",false,0,"WinEventLog - WinEventLog Inputs for Active Directory  - Application and Services Logs - Directory Service",WinEventLog,"Directory Service","1
renderXml=true","WinEventLog://Directory Service#renderXml","","AD/DNS or Base Windows","",1
"WinEventLog://DFS Replication","disabled "," 1","[WinEventLog://DFS Replication]#SEP#disabled = 1#SEP#renderXml=true",false,0,"WinEventLog - WinEventLog Inputs for Active Directory ",WinEventLog,"DFS Replication","1
renderXml=true","WinEventLog://DFS Replication#disabled ","","AD/DNS or Base Windows","",0
"WinEventLog://DFS Replication",renderXml,true,"[WinEventLog://DFS Replication]#SEP#disabled = 1#SEP#renderXml=true",false,0,"WinEventLog - WinEventLog Inputs for Active Directory ",WinEventLog,"DFS Replication","1
renderXml=true","WinEventLog://DFS Replication#renderXml","","AD/DNS or Base Windows","",1
"WinEventLog://ForwardedEvents","disabled "," 1","[WinEventLog://ForwardedEvents]#SEP#disabled = 1#SEP#start_from = oldest#SEP#current_only = 0#SEP#checkpointInterval = 5#SEP###SubHeader## The addon supports only XML format for the collection of WinEventLogs using WEF, hence do not change the below renderXml parameter to false.#SEP#renderXml=true#SEP#host=WinEventLogForwardHost",false,0,"WinEventLog - Forwarded WinEventLogs  - The addon supports only XML format for the collection of WinEventLogs using WEF, hence do not change the below renderXml parameter to false.",WinEventLog,ForwardedEvents,"1
start_from = oldest
current_only = 0
checkpointInterval = 5
##SubHeader## The addon supports only XML format for the collection of WinEventLogs using WEF, hence do not change the below renderXml parameter to false.
renderXml=true
host=WinEventLogForwardHost","WinEventLog://ForwardedEvents#disabled ","","AD/DNS or Base Windows","",0
"WinEventLog://ForwardedEvents","start_from "," oldest","[WinEventLog://ForwardedEvents]#SEP#disabled = 1#SEP#start_from = oldest#SEP#current_only = 0#SEP#checkpointInterval = 5#SEP###SubHeader## The addon supports only XML format for the collection of WinEventLogs using WEF, hence do not change the below renderXml parameter to false.#SEP#renderXml=true#SEP#host=WinEventLogForwardHost",false,0,"WinEventLog - Forwarded WinEventLogs  - The addon supports only XML format for the collection of WinEventLogs using WEF, hence do not change the below renderXml parameter to false.",WinEventLog,ForwardedEvents,"1
start_from = oldest
current_only = 0
checkpointInterval = 5
##SubHeader## The addon supports only XML format for the collection of WinEventLogs using WEF, hence do not change the below renderXml parameter to false.
renderXml=true
host=WinEventLogForwardHost","WinEventLog://ForwardedEvents#start_from ","","AD/DNS or Base Windows","",1
"WinEventLog://ForwardedEvents","current_only "," 0","[WinEventLog://ForwardedEvents]#SEP#disabled = 1#SEP#start_from = oldest#SEP#current_only = 0#SEP#checkpointInterval = 5#SEP###SubHeader## The addon supports only XML format for the collection of WinEventLogs using WEF, hence do not change the below renderXml parameter to false.#SEP#renderXml=true#SEP#host=WinEventLogForwardHost",false,0,"WinEventLog - Forwarded WinEventLogs  - The addon supports only XML format for the collection of WinEventLogs using WEF, hence do not change the below renderXml parameter to false.",WinEventLog,ForwardedEvents,"1
start_from = oldest
current_only = 0
checkpointInterval = 5
##SubHeader## The addon supports only XML format for the collection of WinEventLogs using WEF, hence do not change the below renderXml parameter to false.
renderXml=true
host=WinEventLogForwardHost","WinEventLog://ForwardedEvents#current_only ","","AD/DNS or Base Windows","",2
"WinEventLog://ForwardedEvents","checkpointInterval "," 5","[WinEventLog://ForwardedEvents]#SEP#disabled = 1#SEP#start_from = oldest#SEP#current_only = 0#SEP#checkpointInterval = 5#SEP###SubHeader## The addon supports only XML format for the collection of WinEventLogs using WEF, hence do not change the below renderXml parameter to false.#SEP#renderXml=true#SEP#host=WinEventLogForwardHost",false,0,"WinEventLog - Forwarded WinEventLogs  - The addon supports only XML format for the collection of WinEventLogs using WEF, hence do not change the below renderXml parameter to false.",WinEventLog,ForwardedEvents,"1
start_from = oldest
current_only = 0
checkpointInterval = 5
##SubHeader## The addon supports only XML format for the collection of WinEventLogs using WEF, hence do not change the below renderXml parameter to false.
renderXml=true
host=WinEventLogForwardHost","WinEventLog://ForwardedEvents#checkpointInterval ","","AD/DNS or Base Windows","",3
"WinEventLog://ForwardedEvents",,,"[WinEventLog://ForwardedEvents]#SEP#disabled = 1#SEP#start_from = oldest#SEP#current_only = 0#SEP#checkpointInterval = 5#SEP###SubHeader## The addon supports only XML format for the collection of WinEventLogs using WEF, hence do not change the below renderXml parameter to false.#SEP#renderXml=true#SEP#host=WinEventLogForwardHost",false,0,"WinEventLog - Forwarded WinEventLogs  - The addon supports only XML format for the collection of WinEventLogs using WEF, hence do not change the below renderXml parameter to false.",WinEventLog,ForwardedEvents,"1
start_from = oldest
current_only = 0
checkpointInterval = 5
##SubHeader## The addon supports only XML format for the collection of WinEventLogs using WEF, hence do not change the below renderXml parameter to false.
renderXml=true
host=WinEventLogForwardHost",,"","AD/DNS or Base Windows","",4
"WinEventLog://ForwardedEvents",renderXml,true,"[WinEventLog://ForwardedEvents]#SEP#disabled = 1#SEP#start_from = oldest#SEP#current_only = 0#SEP#checkpointInterval = 5#SEP###SubHeader## The addon supports only XML format for the collection of WinEventLogs using WEF, hence do not change the below renderXml parameter to false.#SEP#renderXml=true#SEP#host=WinEventLogForwardHost",false,0,"WinEventLog - Forwarded WinEventLogs  - The addon supports only XML format for the collection of WinEventLogs using WEF, hence do not change the below renderXml parameter to false.",WinEventLog,ForwardedEvents,"1
start_from = oldest
current_only = 0
checkpointInterval = 5
##SubHeader## The addon supports only XML format for the collection of WinEventLogs using WEF, hence do not change the below renderXml parameter to false.
renderXml=true
host=WinEventLogForwardHost","WinEventLog://ForwardedEvents#renderXml","","AD/DNS or Base Windows","",5
"WinEventLog://ForwardedEvents",host,WinEventLogForwardHost,"[WinEventLog://ForwardedEvents]#SEP#disabled = 1#SEP#start_from = oldest#SEP#current_only = 0#SEP#checkpointInterval = 5#SEP###SubHeader## The addon supports only XML format for the collection of WinEventLogs using WEF, hence do not change the below renderXml parameter to false.#SEP#renderXml=true#SEP#host=WinEventLogForwardHost",false,0,"WinEventLog - Forwarded WinEventLogs  - The addon supports only XML format for the collection of WinEventLogs using WEF, hence do not change the below renderXml parameter to false.",WinEventLog,ForwardedEvents,"1
start_from = oldest
current_only = 0
checkpointInterval = 5
##SubHeader## The addon supports only XML format for the collection of WinEventLogs using WEF, hence do not change the below renderXml parameter to false.
renderXml=true
host=WinEventLogForwardHost","WinEventLog://ForwardedEvents#host","","AD/DNS or Base Windows","",6
"WinEventLog://Application","disabled "," 1","[WinEventLog://Application]#SEP#disabled = 1#SEP#start_from = oldest#SEP#current_only = 0#SEP#checkpointInterval = 5#SEP#renderXml=true",false,0,"WinEventLog - OS Logs ",WinEventLog,Application,"1
start_from = oldest
current_only = 0
checkpointInterval = 5
renderXml=true","WinEventLog://Application#disabled ","","AD/DNS or Base Windows","",0
"WinEventLog://Application","start_from "," oldest","[WinEventLog://Application]#SEP#disabled = 1#SEP#start_from = oldest#SEP#current_only = 0#SEP#checkpointInterval = 5#SEP#renderXml=true",false,0,"WinEventLog - OS Logs ",WinEventLog,Application,"1
start_from = oldest
current_only = 0
checkpointInterval = 5
renderXml=true","WinEventLog://Application#start_from ","","AD/DNS or Base Windows","",1
"WinEventLog://Application","current_only "," 0","[WinEventLog://Application]#SEP#disabled = 1#SEP#start_from = oldest#SEP#current_only = 0#SEP#checkpointInterval = 5#SEP#renderXml=true",false,0,"WinEventLog - OS Logs ",WinEventLog,Application,"1
start_from = oldest
current_only = 0
checkpointInterval = 5
renderXml=true","WinEventLog://Application#current_only ","","AD/DNS or Base Windows","",2
"WinEventLog://Application","checkpointInterval "," 5","[WinEventLog://Application]#SEP#disabled = 1#SEP#start_from = oldest#SEP#current_only = 0#SEP#checkpointInterval = 5#SEP#renderXml=true",false,0,"WinEventLog - OS Logs ",WinEventLog,Application,"1
start_from = oldest
current_only = 0
checkpointInterval = 5
renderXml=true","WinEventLog://Application#checkpointInterval ","","AD/DNS or Base Windows","",3
"WinEventLog://Application",renderXml,true,"[WinEventLog://Application]#SEP#disabled = 1#SEP#start_from = oldest#SEP#current_only = 0#SEP#checkpointInterval = 5#SEP#renderXml=true",false,0,"WinEventLog - OS Logs ",WinEventLog,Application,"1
start_from = oldest
current_only = 0
checkpointInterval = 5
renderXml=true","WinEventLog://Application#renderXml","","AD/DNS or Base Windows","",4
